OBJECTID,Value,COUNT,AREA,MIN,MAX,RANGE,MEAN,STD,SUM,new_value
,1,510,510,0.006538868,3.649645805,3.643106937,0.966165728,0.680635763,492.7445211,1
,2,94609,94609,0.000334263,6.435008049,6.434673786,1.437495012,1.131545036,135999.9656,1
,3,50979,50979,4.1008E-05,5.671731949,5.671690941,2.633959716,1.475292275,134276.6324,1
,37,26105,26105,0.002369881,50.24235535,50.23998547,24.1835014,17.1035736,631310.3042,1
,45,7594,7594,0.00701189,14.87867546,14.87166357,5.342059635,1.963501755,40567.60087,1
,49,143810,143810,0.000114918,8.135825157,8.135710239,2.001105804,1.26009416,287779.0256,1
,50,27980,27980,0.000748158,56.12916946,56.12842131,17.54272912,18.62879899,490845.5609,1
,51,1088,1088,0.002713203,8.753993988,8.751280785,3.669436091,2.336489859,3992.346467,1
,53,34232,34232,0.000681877,9.146108627,9.14542675,4.50257187,1.855457532,154132.0403,1
,61,6583,6583,0.002202511,35.72843552,35.72623301,8.898788822,8.596030272,58580.72682,1
,63,20006,20006,0.000268459,44.29052734,44.29025888,21.27070015,18.12710293,425541.6273,1
,64,8571,8571,0.033503056,44.27559662,44.24209356,42.23423369,8.685850879,361989.6169,1
,65,1393,1393,0.013839245,44.27375031,44.25991106,43.56455053,5.36521826,60685.41888,1
,66,2092,2092,0.043478489,44.27329254,44.22981405,24.85216233,17.50542968,51990.7236,1
,81,5125,5125,0.004233837,49.95544434,49.9512105,32.5204437,13.24587628,166667.274,1
,82,1973,1973,0.127795696,44.26928329,44.1414876,32.55361226,15.15717876,64228.27699,1
,83,480,480,0.571637154,44.2698555,43.69821835,23.85399529,16.97351837,11449.91774,1
,138,7390,7390,0.003235817,43.27620697,43.27297115,15.08511902,11.82071376,111479.0296,1
,139,693,693,0.31099987,36.53015518,36.21915531,21.15220083,6.901170412,14658.47517,1
,140,3789,3789,0.041759014,17.08495903,17.04320002,7.085862275,3.573765493,26848.33216,1
,141,4959,4959,0.003447533,48.43833923,48.4348917,31.92755162,15.9785163,158328.7285,1
,147,456,456,0.016062737,27.70703506,27.69097233,7.286253984,5.162924837,3322.531816,1
,148,2882,2882,0.005833626,42.8205452,42.81471157,20.73394717,10.6000938,59755.23576,1
,155,8896,8896,0.000967503,49.58874893,49.58778143,16.17135662,13.91363768,143860.3885,1
,169,5920,5920,0.000813961,30.56161499,30.56080103,14.29342296,9.017506503,84617.0639,1
,170,151,151,0.278689861,24.64211273,24.36342287,10.59598653,6.171260365,1599.993967,1
,172,3769,3769,0.003731728,38.34095383,38.3372221,11.79255091,10.4944481,44446.12437,1
,174,1180,1180,0.001540184,34.68304062,34.68150043,7.049941716,6.248456483,8318.931225,1
,175,97,97,0.004465103,1.906471729,1.902006626,0.64719794,0.490235357,62.77820015,1
,176,10,10,0.017872334,0.956905842,0.939033508,0.310125875,0.32577357,3.101258755,1
,178,2257,2257,0.002121925,10.84339809,10.84127617,4.344755865,1.878604166,9806.113987,1
,182,605,605,0.011591434,8.595995903,8.584404469,4.660512463,2.154995092,2819.61004,1
,187,1562,1562,0.000350952,16.08259201,16.08224106,5.709125724,3.264337837,8917.654381,1
,188,890,890,0.00284338,26.4309597,26.42811632,5.682651828,4.171023147,5057.560127,1
,189,4396,4396,0.001204014,20.37552071,20.37431669,6.108979442,3.926541106,26855.07363,1
,190,11453,11453,0.00178194,20.21804428,20.21626234,6.122188468,2.999885259,70117.42452,1
,206,370,370,0.015127182,7.827838421,7.812711239,4.116535671,2.139208457,1523.118198,1
,218,3418,3418,0.002993584,8.087656021,8.084662437,4.772267612,2.578939137,16311.6107,1
,219,271,271,0.00399971,3.140696049,3.136696339,1.099158482,0.772562619,297.8719487,1
,224,57,57,0.022051334,5.667949677,5.645898342,2.470163718,1.420206585,140.7993319,1
,225,263,263,0.043042183,6.954157352,6.91111517,4.986817086,1.7406394,1311.532894,1
,227,1046,1046,0.001384735,7.575858116,7.574473381,5.40399322,2.267580691,5652.576908,1
,230,8634,8634,1.95503E-05,7.393718719,7.393699169,3.862583434,2.260339186,33349.54537,1
,231,528,528,0.009338379,13.53530598,13.5259676,6.215121002,3.501543486,3281.583889,1
,233,2648,2648,0.002606392,9.12027359,9.117667198,3.47695445,2.181472877,9206.975384,1
,234,12963,12963,0.000434399,45.18067169,45.18023729,14.30741798,14.7502817,185467.0593,1
,236,3749,3749,0.021337509,48.45744324,48.43610573,31.30908341,14.68869373,117377.7537,1
,247,4444,4444,0.001199722,46.58818054,46.58698082,11.27405923,11.90072114,50101.9192,1
,252,4582,4582,0.013941288,25.56897736,25.55503607,10.55022588,7.035406063,48341.13497,1
,257,5775,5775,0.004729748,26.28320694,26.27847719,9.942065411,6.803154883,57415.42775,1
,262,3224,3224,0.004064083,24.21045494,24.20639086,9.905411777,6.804428891,31935.04757,1
,267,6621,6621,0.002696514,26.83736992,26.8346734,12.63016809,8.071385978,83624.3429,1
,268,3278,3278,0.004169464,26.80941391,26.80524445,12.93588764,8.894915679,42403.83969,1
,269,5865,5865,0.003165245,15.38968468,15.38651943,6.344226538,3.480866601,37208.88865,1
,270,13500,13500,0.003755569,43.91873932,43.91498375,26.03505511,12.48963797,351473.244,1
,274,883,883,0.000163555,42.17891312,42.17874956,12.82650183,13.73446645,11325.80111,1
,23998,746,746,0.007223129,20.8617363,20.85451317,6.790709601,3.877632862,5065.869362,1
,24006,1420,1420,0.002268791,24.51971436,24.51744556,9.031670546,5.241376522,12824.97218,1
,24007,156,156,0.024639606,8.35952282,8.334883213,3.931682692,2.191471124,613.3425,1
,24008,5,5,1.04137516,3.612385035,2.571009874,1.792897367,0.951954072,8.964486837,1
,33557,13,13,0.070125103,1.230157852,1.160032749,0.513197459,0.337126702,6.671566963,1
,34199,684,684,0.033668518,10.11040592,10.0767374,4.477546939,2.51869316,3062.642106,1
,34201,37,37,0.0073843,5.059778214,5.052393913,1.26575622,1.17397606,46.83298016,1
,50100,677,677,0.003145218,8.21446991,8.211324692,1.724363559,1.482626804,1167.394129,1
,50103,119,119,0.004721642,3.593225718,3.588504076,1.747632806,0.868030336,207.9683039,1
,50105,697,697,0.006651878,9.018079758,9.011427879,4.61751708,2.388376729,3218.409405,1
,50106,156,156,0.003621101,6.046691418,6.043070316,3.261899662,1.717330875,508.8563473,1
,50700,12,12,0.138971806,5.47765255,5.338680744,2.467287282,1.597328392,29.60744739,1
,50713,4916,4916,0.000784874,8.848529816,8.847744942,4.018771721,1.787851624,19756.28178,1
,50714,406,406,0.03262949,9.900279999,9.867650509,5.695836595,2.619778884,2312.509658,1
,50715,1923,1923,0.013237,11.14502525,11.13178825,5.590284624,2.698600398,10750.11733,1
,50755,3601,3601,0.005949497,7.18921566,7.183266163,4.285106979,1.935479733,15430.67023,1
,50756,117,117,0.014194489,5.29433918,5.280144691,1.504067613,1.067699527,175.9759107,1
,50757,40,40,0.091142178,6.193483829,6.102341652,3.828895593,2.224383459,153.1558237,1
,50758,95,95,0.047253132,5.887622833,5.840369701,3.534503641,1.890340176,335.7778459,1
,50759,16,16,0.013846874,1.692673206,1.678826332,0.770489961,0.565598175,12.32783937,1
,50760,1794,1794,0.016170025,7.351531506,7.335361481,5.584590296,1.659600826,10018.75499,1
,50764,1205,1205,0.004988194,7.179701328,7.174713135,3.346324518,2.216671172,4032.321044,1
,50765,1561,1561,0.013265133,6.595738411,6.582473278,3.903784503,1.792027945,6093.80761,1
,50766,724,724,0.002608299,5.803452492,5.800844193,3.079138073,1.52449282,2229.295965,1
,50769,1900,1900,0.004685879,6.612321854,6.607635975,3.365728775,1.682943022,6394.884673,1
,50770,292,292,0.09069109,6.438724518,6.348033428,3.7868864,1.836237622,1105.770829,1
,50772,3843,3843,0.000159264,7.399045467,7.398886204,2.962218146,2.078061641,11383.80434,1
,67171,62,62,0.026808262,3.748571157,3.721762896,1.655281924,1.139340992,102.6274793,1
,67182,73,73,0.019660473,3.927461386,3.907800913,1.862935216,1.201138026,135.9942708,1
,67183,175,175,0.006022453,4.344136238,4.338113785,2.784955416,1.687862502,487.3671978,1
,67666,1763,1763,0.00666523,7.873238564,7.866573334,5.161789099,2.111149423,9100.234182,1
,67668,413,413,0.02780056,6.778683662,6.750883102,4.23617435,1.9176697,1749.540007,1
,67673,21831,21831,0.00106144,8.326137543,8.325076103,4.721189091,2.112608112,103068.2791,1
,67678,52572,52572,0.001319408,17.46347618,17.46215677,3.909973437,2.506585755,205555.1235,1
,67682,204,204,0.057236671,8.619927406,8.562690735,5.744285658,2.783250796,1171.834274,1
,67684,307,307,0.029314518,8.539259911,8.509945393,6.402207858,2.158567534,1965.477813,1
,67685,1602,1602,0.013173103,9.708264351,9.695091248,5.228650166,2.419187473,8376.297565,1
,67686,4925,4925,0.001088619,9.646612167,9.645523548,5.243403323,2.373575987,25823.76136,1
,67687,6179,6179,0.007055283,8.937697411,8.930642128,5.360915685,2.390849481,33125.09802,1
,67689,275,275,0.033064842,8.477306366,8.444241524,5.648008207,2.377276178,1553.202257,1
,67690,37,37,0.008228779,1.420804977,1.412576199,0.66074794,0.388829752,24.4476738,1
,67692,34,34,0.111247063,5.383958817,5.272711754,2.87036062,1.771764726,97.59226108,1
,67697,4090,4090,0.020289421,10.02530956,10.00502014,6.574831195,2.460807476,26891.05959,1
,67698,213,213,0.030781269,9.285421371,9.254640102,6.140740562,2.846234936,1307.97774,1
,67699,28,28,0.010516167,1.914292812,1.903776646,0.905175464,0.588670023,25.34491301,1
,67705,4238,4238,0.003279209,6.3409338,6.337654591,2.822307585,1.472597774,11960.93954,1
,67707,37193,37193,7.62939E-05,7.941245556,7.941169262,2.034226233,1.630309971,75658.97627,1
,67708,2636,2636,0.000781059,9.078752518,9.077971458,4.785149265,2.607073119,12613.65346,1
,67709,7799,7799,0.001445293,9.1188097,9.117364407,4.176673625,2.726748688,32573.8776,1
,67710,478,478,0.00350523,5.407469749,5.40396452,2.144531609,1.359719073,1025.086109,1
,67754,14,14,0.023200035,0.51015377,0.486953735,0.25170861,0.152278259,3.523920536,1
,67757,1,1,0.278147697,0.278147697,0,0.278147697,0,0.278147697,1
,67762,243,243,0.007809162,3.29433918,3.286530018,0.611090954,0.50466425,148.4951019,1
,67872,2302,2302,0.011201859,7.08109045,7.069888592,4.665453456,1.845451301,10739.87386,1
,67877,101,101,0.211560726,7.175436497,6.963875771,4.792615777,1.984333437,484.0541935,1
,67878,483,483,0.015521526,7.559184074,7.543662548,4.497028556,2.051450241,2172.064793,1
,67879,773,773,0.005927563,2.430430889,2.424503326,1.325074385,0.522750659,1024.2825,1
,67882,187,187,0.052154541,5.394339085,5.342184544,5.203984465,0.910360412,973.1450949,1
,67903,11,11,0.031446457,0.094339371,0.062892914,0.083849734,0.022362075,0.922347069,1
,67904,3,3,0.094339371,0.094339371,0,0.094339371,0,0.283018112,1
,67914,35,35,0.010735035,0.766517162,0.755782127,0.400061689,0.190376564,14.00215912,1
,67915,94,94,0.024668217,0.937046051,0.912377834,0.397607793,0.182417332,37.37513256,1
,68544,26,26,0.002027035,2.875961781,2.873934746,0.821408419,0.8772149,21.35661888,1
,68595,1204,1204,0.025851727,4.925467491,4.899615765,2.847624909,0.918631325,3428.54039,1
,68605,90,90,0.005607605,2.037589073,2.031981468,0.825793823,0.539164816,74.32144403,1
,68656,7,7,0.029336929,1.316640854,1.287303925,0.706719126,0.470911313,4.947033882,1
,68657,5,5,0.296969891,0.819611073,0.522641182,0.598592091,0.19253067,2.992960453,1
,68659,29,29,3.875961781,3.875961781,0,3.875961781,0,112.4028916,1
,68661,5,5,3.875961781,3.875961781,0,3.875961781,0,19.3798089,1
,69053,364,364,0.003759384,3.912014008,3.908254623,2.62967584,1.032387749,957.2020059,1
,69054,56,56,0.029119968,3.54450798,3.515388012,2.063245526,1.198406794,115.5417495,1
,69055,1135,1135,0.003982544,4.183795452,4.179812908,2.556993988,1.102734058,2902.188176,1
,69058,21,21,0.08042717,3.475961685,3.395534515,3.314269565,0.723109143,69.59966087,1
,69059,252,252,0.008838654,3.475961685,3.467123032,1.646094899,0.989299007,414.8159146,1
,69064,379,379,0.117399216,6.262318611,6.144919395,4.870125554,1.703643594,1845.777585,1
,69085,545,545,0.084498405,6.608092308,6.523593903,4.598442557,1.250976525,2506.151194,1
,69086,4667,4667,0.003695488,5.36106348,5.357367992,2.552826188,1.206224083,11914.03982,1
,69087,471,471,0.009352684,3.579490423,3.570137739,2.256271515,0.722448931,1062.703883,1
,70096,303,303,0.006024837,5.313112259,5.307087421,2.234984342,1.42808912,677.2002556,1
,70097,1122,1122,0.009119511,5.417181969,5.408062458,2.612827602,1.274562771,2931.592569,1
,70153,70,70,0.015087605,2.927705288,2.912617683,1.263481508,0.78417023,88.44370556,1
,70154,37,37,0.00135088,2.020843029,2.019492149,0.685753771,0.594084848,25.37288952,1
,70157,172,172,0.004338264,6.079850674,6.075512409,1.109529876,1.363712539,190.8391387,1
,70158,1210,1210,0.004288197,6.866954327,6.86266613,3.697000913,1.883867128,4473.371104,1
,70159,1472,1472,0.005476952,6.7486763,6.743199348,3.371838635,1.545929272,4963.34647,1
,70160,22,22,1.842705727,6.475961685,4.633255959,5.891676664,1.290968695,129.6168866,1
,70161,2717,2717,0.008757591,8.358236313,8.349478722,4.213379147,2.367207704,11447.75114,1
,70162,3567,3567,0.003032684,8.199708939,8.196676254,4.508649384,2.269402757,16082.35235,1
,70163,372,372,0.004388332,6.862847328,6.858458996,3.756347416,1.893601464,1397.361239,1
,70164,289,289,0.018836975,7.386559963,7.367722988,3.951478171,2.094998914,1141.977191,1
,70165,141814,141814,6.86646E-05,6.912619591,6.912550926,2.351327978,0.783334935,333451.2259,1
,70166,3,3,0.050448418,0.691576004,0.641127586,0.347602526,0.263824671,1.042807579,1
,70167,27313,27313,0.003533363,8.492303848,8.488770485,3.123011829,1.618405057,85298.82208,1
,70170,95139,95139,0.000316143,19.22585678,19.22554064,3.647169954,1.304686278,346988.1022,1
,70178,2327,2327,0.000398159,8.933052063,8.932653904,3.706412242,1.247290869,8624.821287,1
,70183,7587,7587,0.002923012,11.97764111,11.97471809,4.317520903,2.437724481,32757.03109,1
,70189,6049,6049,0.000798702,7.656912804,7.656114101,3.549016877,2.272101175,21468.00309,1
,70231,32625,32625,5.19753E-05,9.985033989,9.984982014,5.59018608,2.729549125,182379.8209,1
,70242,1,1,0.627939701,0.627939701,0,0.627939701,0,0.627939701,1
,70250,27958,27958,0.000400543,11.15011024,11.1497097,7.255027805,2.554374212,202836.0674,1
,70251,910,910,0.02325201,9.377580643,9.354328632,6.037842295,2.683348674,5494.436489,1
,70252,7502,7502,0.0008111,10.91250324,10.91169214,6.910500831,2.306323863,51842.57723,1
,70273,2688,2688,0.001425266,9.280966759,9.279541492,6.066243097,2.358726263,16306.06144,1
,70300,7472,7472,0.000749588,6.972304344,6.971554756,4.113737918,1.855602053,30737.84972,1
,70302,30107,30107,9.91821E-05,13.49022198,13.4901228,4.485403373,2.427144701,135042.0394,1
,74527,16701,16701,0.000514984,8.088284492,8.087769508,4.223604009,1.971083854,70538.41055,1
,74535,116,116,0.169733047,4.875961781,4.706228733,4.466107944,1.160108144,518.0685215,1
,74536,778,778,0.007477283,5.132969379,5.125492096,2.821104,1.429991163,2194.818912,1
,77270,118,118,0.26800108,4.875961781,4.607960701,4.389801696,1.20331937,517.9966002,1
,77271,540,540,0.013877869,5.327665329,5.31378746,2.901311425,1.463235291,1566.70817,1
,77278,7,7,0.239099979,2.204894543,1.965794563,0.692129748,0.641921936,4.844908237,1
,77279,3,3,0.617773056,1.925107002,1.307333946,1.322776318,0.538632067,3.968328953,1
,98339,228,228,1.119217873,4.225820065,3.106602192,4.199469182,0.280278511,957.4789734,1
,98341,647,647,0.004848957,5.562817097,5.55796814,3.922942047,1.40475786,2538.143505,1
,98343,464,464,0.021056652,5.225820065,5.204763412,3.939197352,1.102062045,1827.787571,1
,98354,203,203,4.225820065,4.225820065,0,4.225820065,0,857.8414731,1
,98357,285,285,4.225820065,4.225820065,0,4.225820065,0,1204.358718,1
,98366,119,119,4.225820065,4.225820065,0,4.225820065,0,502.8725877,1
,99017,1543,1543,0.002448082,8.022591591,8.020143509,4.319432342,2.307771827,6664.884104,1
,99018,11,11,0.009535313,0.552492619,0.542957306,0.345975702,0.163199175,3.805732727,1
,99019,305,305,0.015654564,5.168781281,5.153126717,1.750005914,1.18516095,533.7518039,1
,99021,411,411,0.024962425,7.374232292,7.349269867,4.548718416,1.806931398,1869.523269,1
,99024,733,733,0.017343521,6.865886688,6.848543167,3.111414253,1.813934974,2280.666647,1
,99137,1180,1180,0.076367855,5.04070282,4.964334965,3.928503792,0.855300332,4635.634475,1
,99138,188,188,0.040030003,4.504887104,4.464857101,2.617628073,1.470208221,492.1140778,1
,99141,98174,98174,4.673E-05,5.031398773,5.031352043,1.279661092,1.06111597,125629.4481,1
,99142,79,79,4.225820065,4.225820065,0,4.225820065,0,333.8397851,1
,99147,59,59,0.00421524,2.254617691,2.250402451,0.960547552,0.615664095,56.67230558,1
,99148,3,3,0.132008076,0.159567833,0.027559757,0.146701813,0.011325207,0.440105438,1
,99149,317,317,0.053890705,5.831954002,5.778063297,3.185719974,1.082344293,1009.873232,1
,99150,8559,8559,0.002795696,7.372915268,7.370119572,4.006791766,1.802917507,34294.13073,1
,99151,2502,2502,0.05187273,7.266706944,7.214834213,5.646071006,0.917834573,14126.46966,1
,99154,6886,6886,0.002731323,10.46221924,10.45948792,5.681124389,2.658054787,39120.22254,1
,99155,1065,1065,0.003573418,8.409557343,8.405983925,5.381337238,2.419234402,5731.124159,1
,99157,974,974,3.079875469,9.63580513,6.555929661,7.903119594,0.834974036,7697.638485,1
,99158,865,865,0.024262905,7.84221983,7.817956924,3.628295557,1.630171077,3138.475657,1
,99159,5618,5618,0.006266594,8.033506393,8.027239799,4.242810811,2.224908687,23836.11114,1
,99160,1028,1028,0.003791809,7.466896534,7.463104725,4.494615159,2.332724589,4620.464383,1
,99162,1242,1242,0.003027916,8.050488472,8.047460556,5.046023257,2.074355427,6267.160885,1
,99164,2901,2901,0.079519272,9.319952011,9.240432739,7.544957283,1.520555073,21887.92108,1
,99165,8332,8332,0.000665665,12.36549568,12.36483002,4.763583162,2.71384009,39690.17491,1
,99166,7219,7219,0.003356934,9.765218735,9.761861801,4.521405196,2.449006746,32640.02411,1
,99168,91,91,0.049160957,7.605131149,7.555970192,5.444762117,2.226627806,495.4733527,1
,99177,3066,3066,5.8651E-05,9.730127335,9.730068684,4.394067838,2.451852224,13472.21199,1
,99181,6248,6248,0.000311852,10.43422127,10.43390942,5.783370465,2.581527961,36134.49867,1
,122672,422,422,0.190110683,2.688215733,2.498105049,1.448080511,0.581565851,611.0899758,1
,122682,4,4,1.71161747,1.804766655,0.093149185,1.761207461,0.034470253,7.044829845,1
,122688,3598,3598,0.004683495,5.082696438,5.078012943,2.821291411,1.257480323,10151.0065,1
,122689,1230,1230,0.012695789,6.455132484,6.442436695,5.010607258,1.357085769,6163.046927,1
,122690,16646,16646,0.000580788,9.901744843,9.901164055,3.869389166,1.835201491,64409.85205,1
,122693,231,231,0.03566885,5.27579546,5.24012661,2.811917205,1.452888986,649.5528743,1
,122694,2095,2095,0.065768242,16.37625122,16.31048298,6.767486523,2.733155477,14177.88427,1
,122698,2660,2660,0.001910686,6.661589622,6.659678936,4.175606138,1.792252006,11107.11233,1
,122699,494,494,0.000409603,2.646863461,2.646453857,1.229431537,0.668433075,607.339179,1
,122700,295,295,0.042183399,2.748936176,2.706752777,1.447362764,0.698501801,426.9720154,1
,122701,651,651,0.019148827,7.368519306,7.34937048,4.136300561,2.087467891,2692.731665,1
,122702,7156,7156,0.001797199,6.249101639,6.24730444,2.900364064,1.452005425,20755.00524,1
,122703,4106,4106,0.00095892,7.335478306,7.334519386,4.711390007,2.254217167,19344.96737,1
,122704,4427,4427,0.002289772,8.151817322,8.14952755,4.795044009,2.099023718,21227.65983,1
,122705,550,550,5.902945518,7.405083656,1.502138138,6.92357098,0.281752977,3807.964039,1
,122706,6164,6164,0.004104614,7.435039043,7.430934429,4.40993418,1.577150294,27182.83428,1
,122708,13,13,11.0691452,11.44451523,0.375370026,11.24602479,0.124414278,146.1983223,1
,122709,3104,3104,0.036089897,11.98032188,11.94423199,5.530136417,1.929301673,17165.54344,1
,122711,49593,49593,2.47955E-05,26.27938652,26.27936172,6.565390726,4.989506154,325597.4223,1
,131546,3120,3120,0.010573864,5.627905846,5.617331982,3.350880057,0.926876096,10454.74578,1
,131547,4552,4552,0.00054121,5.658240318,5.657699108,2.60129037,1.138194538,11841.07376,1
,131548,1135,1135,0.002095222,3.001056194,2.998960972,1.219169304,0.331134084,1383.75716,1
,131549,24418,24418,0.015972614,5.5406847,5.524712086,2.36547085,0.969405867,57760.06721,1
,131550,2660,2660,0.030168056,5.8264575,5.796289444,3.624190291,1.441915379,9640.346175,1
,131551,23,23,0.020982265,1.201560974,1.180578709,0.784209293,0.37211089,18.03681374,1
,131553,725,725,0.858416557,2.884822369,2.026405811,2.272648757,0.601119654,1647.670349,1
,131556,43393,43393,0.000120163,11.12470531,11.12458515,3.897660047,2.012579341,169131.1624,1
,131559,2999,2999,0.008891582,6.40212965,6.393238068,4.46750825,1.700293935,13398.05724,1
,131560,4085,4085,0.005222797,6.370593548,6.36537075,4.586511878,1.694847437,18735.90102,1
,131561,2375,2375,0.002608299,8.325602531,8.322994232,1.85322604,1.225762622,4401.411846,1
,131562,5797,5797,0.002043247,8.237577438,8.235534191,4.010226224,2.112082845,23247.28142,1
,131563,3129,3129,0.001778603,10.14470863,10.14293003,2.524701639,1.591526727,7899.791428,1
,131567,6430,6430,0.000188828,8.76450634,8.764317513,3.374159479,1.776052719,21695.84545,1
,131568,965,965,0.008099079,4.840553761,4.832454681,2.117385186,1.487073449,2043.276704,1
,131569,392,392,0.027943611,3.443182468,3.415238857,1.846436278,0.65536727,723.803021,1
,132237,231,231,0.043364525,4.467639923,4.424275398,2.81518433,1.222973908,650.3075802,1
,132249,112,112,0.006443977,4.523788452,4.517344475,3.065432759,1.494259799,343.328469,1
,132250,283,283,0.011586666,4.541852951,4.530266285,2.421270589,1.009993571,685.2195766,1
,134344,3991,3991,0.000881195,13.97315025,13.97226906,5.658011112,3.375072138,22581.12235,1
,134345,1357,1357,0.001233578,14.03665161,14.03541803,4.742447237,4.372891644,6435.500901,1
,134489,217,217,0.091924191,6.022242546,5.930318356,3.776471379,1.507790379,819.4942892,1
,134490,223,223,0.113986969,6.138931274,6.024944305,3.787329327,1.6061332,844.57444,1
,134491,218,218,0.010007381,5.840851784,5.830844402,3.049150687,1.615506084,664.7148497,1
,134492,185,185,0.065311909,5.831389904,5.766077995,3.05022289,1.643620411,564.2912347,1
,134493,165,165,0.383468151,5.880419254,5.496951103,3.174939369,1.379706454,523.864996,1
,134494,170,170,0.054236412,6.207683086,6.153446674,3.993229169,1.656794056,678.8489587,1
,134495,161,161,0.013623238,6.337656975,6.324033737,4.483412364,1.474647002,721.8293905,1
,134496,207,207,0.030603886,5.216558933,5.185955048,3.73014988,1.243092888,772.1410251,1
,134497,169,169,0.070465088,6.093742847,6.02327776,4.531150307,1.355871454,765.7644019,1
,134498,199,199,0.044407368,6.105045319,6.060637951,3.743222981,1.725486051,744.9013731,1
,134499,165,165,0.002670288,6.116483688,6.1138134,4.12736417,1.393205761,681.0150881,1
,134500,162,162,0.146750927,6.284640312,6.137889385,4.460491166,1.672166698,722.5995688,1
,134501,186,186,0.069748878,5.943886757,5.874137878,3.843093822,1.664361717,714.8154509,1
,134502,186,186,0.007920265,5.880999565,5.8730793,3.649967379,1.616751118,678.8939326,1
,134503,181,181,0.029147148,5.632745266,5.603598118,3.016409516,1.428281651,545.9701223,1
,134504,167,167,0.043038845,5.205898285,5.16285944,2.666778544,1.068979915,445.3520169,1
,134505,160,160,0.173340321,4.80759716,4.63425684,2.536218746,0.829858828,405.7949994,1
,134506,214,214,0.011763096,5.498101234,5.486338139,3.605509613,1.393022386,771.5790572,1
,134507,231,231,0.141391277,5.393129349,5.251738071,3.07184486,1.126256694,709.5961626,1
,134508,187,187,0.018902779,5.898052216,5.879149437,3.944954775,1.371269896,737.706543,1
,134509,272,272,0.00454855,5.917251587,5.912703037,3.262319089,1.446805225,887.3507922,1
,134604,21,21,0.157004356,4.190371513,4.033367157,1.817605268,1.1348895,38.16971064,1
,134605,68,68,0.261725903,4.812067986,4.550342083,3.047964934,1.196120451,207.2616155,1
,134606,33,33,0.318435192,5.289387226,4.970952034,3.593481483,1.47652873,118.5848889,1
,134607,68,68,0.169816017,5.130372524,4.960556507,3.819572961,1.350073311,259.7309613,1
,134608,59,59,0.045108795,5.179429054,5.134320259,3.360512471,1.526681063,198.2702358,1
,134609,42,42,0.062081337,4.285281181,4.223199844,1.858427104,1.090709181,78.05393839,1
,134610,28,28,0.037250519,3.184283257,3.147032738,1.488863349,0.962895437,41.68817377,1
,134611,24,24,0.009268284,2.961213589,2.951945305,1.182525714,0.788038234,28.38061714,1
,134612,10,10,0.050249577,2.102176666,2.05192709,1.192569828,0.649524585,11.92569828,1
,134613,1,1,0.921834469,0.921834469,0,0.921834469,0,0.921834469,1
,134618,148,148,0.076219559,5.91326046,5.837040901,3.697684398,1.396219647,547.2572908,1
,134619,213,213,0.302622795,5.473623276,5.171000481,3.632790627,1.216107583,773.7844036,1
,134620,359,359,0.000450611,6.361405373,6.360954762,4.488992103,1.43183297,1611.548165,1
,134621,424,424,0.00728941,6.63455534,6.62726593,4.994364605,1.469608883,2117.610592,1
,134622,265,265,0.016067028,6.548966408,6.53289938,4.484591675,1.365934564,1188.416794,1
,134623,360,360,0.040316582,6.250458717,6.210142136,4.071714069,1.581421754,1465.817065,1
,134624,263,263,0.078607082,6.081441402,6.00283432,3.358604624,1.523840453,883.3130162,1
,134626,82,82,0.040318012,2.962621212,2.9223032,1.317859004,0.743814189,108.0644383,1
,134627,201,201,0.014940262,3.320624828,3.305684566,1.885269817,0.738523256,378.9392333,1
,134628,166,166,0.059512138,3.236626148,3.17711401,1.705980973,0.707330363,283.1928415,1
,134629,172,172,0.055501938,3.506010056,3.450508118,1.943395895,0.774346158,334.2640939,1
,134630,172,172,0.02588892,4.728246689,4.702357769,2.890343288,1.093463565,497.1390455,1
,134631,196,196,0.586758614,5.861695766,5.274937153,3.604403306,1.227769232,706.463048,1
,134632,175,175,0.002278805,6.276762962,6.274484158,4.503313001,1.629497161,788.0797751,1
,134633,191,191,0.097842693,6.185283184,6.087440491,4.587356567,1.670009943,876.1851044,1
,134634,401,401,0.020411968,6.20945549,6.189043522,3.714393273,1.462637412,1489.471703,1
,134636,437,437,0.074748993,7.082789421,7.008040428,3.80832136,1.597261828,1664.236434,1
,134637,173,173,0.542244434,7.259662628,6.717418194,5.099464502,1.619945719,882.2073588,1
,134638,99,99,4.658148766,6.995048523,2.336899757,5.958945761,0.611934573,589.9356303,1
,134639,113,113,4.8028965,6.954929829,2.152033329,5.982179962,0.573461558,675.9863358,1
,134640,133,133,4.912881851,6.778541088,1.865659237,5.989538429,0.463792417,796.6086111,1
,134641,140,140,4.974038124,6.846832752,1.872794628,6.036271916,0.409107158,845.0780683,1
,134642,179,179,2.848552227,6.913252831,4.064700603,5.773560051,0.838288576,1033.467249,1
,134643,173,173,1.549536228,6.921102524,5.371566296,5.348620147,1.19811471,925.3112855,1
,134644,185,185,2.212640762,6.739645958,4.527005196,5.243118662,1.152412713,969.9769526,1
,134645,170,170,0.533231258,6.755748749,6.22251749,5.146213135,1.258771779,874.8562329,1
,134646,192,192,0.21771431,6.729599953,6.511885643,4.474101273,1.589441727,859.0274444,1
,134647,196,196,0.02076292,6.441681862,6.420918941,3.925409974,1.518502853,769.3803549,1
,136091,2,2,0.141452789,1.97190094,1.830448151,1.056676865,0.915224075,2.113353729,1
,136093,4,4,0.629377842,0.965029716,0.335651875,0.813202381,0.136104608,3.252809525,1
,136095,8,8,0.369103909,2.044121265,1.675017357,1.273579717,0.493012858,10.18863773,1
,136096,7,7,0.015194416,3.214300156,3.19910574,1.297665392,1.129733002,9.083657742,1
,136097,7,7,0.010507584,2.308166027,2.297658443,0.7285926,0.939529762,5.100148201,1
,136098,14,14,0.017458439,2.934259415,2.916800976,1.403566395,0.893930434,19.64992952,1
,136106,24,24,0.092408657,4.26791954,4.175510883,1.699264199,1.320066379,40.78234076,1
,136107,30,30,0.107381821,4.086143494,3.978761673,2.257594697,1.344461195,67.7278409,1
,136108,18,18,0.040039063,4.688018799,4.647979736,2.386177222,1.61706941,42.95118999,1
,136109,21,21,0.170483112,4.116267204,3.945784092,2.139138892,1.198375346,44.92191672,1
,136110,64,64,0.209974766,5.335757732,5.125782967,3.618194018,1.362375164,231.5644171,1
,136111,70,70,0.092247009,5.048578262,4.956331253,3.556368596,1.318666248,248.9458017,1
,136112,32,32,0.172095776,4.494406223,4.322310448,2.966400765,1.350504226,94.92482448,1
,136113,30,30,0.035904884,3.719902039,3.683997154,1.308516534,0.985681714,39.25549603,1
,136114,38,38,0.044739723,4.386710644,4.341970921,2.316479852,1.366300412,88.02623439,1
,136115,45,45,0.132572651,4.586322784,4.453750134,2.589603006,1.332063993,116.5321352,1
,136116,77,77,0.006328106,5.214868546,5.20854044,2.546583937,1.491673186,196.0869632,1
,136117,18,18,0.239461899,3.746801853,3.507339954,2.248731878,1.162117335,40.47717381,1
,136119,3,3,0.013491631,1.665063858,1.651572227,0.736061255,0.68987131,2.208183765,1
,136120,8,8,0.45018816,3.088133812,2.637945652,1.290625334,0.881261338,10.32500267,1
,136130,10,10,0.008277416,0.471615791,0.463338375,0.231784487,0.146860556,2.317844868,1
,136133,2,2,0.078692436,0.311182499,0.232490063,0.194937468,0.116245031,0.389874935,1
,136134,20,20,0.116675854,3.871171713,3.754495859,1.963899994,0.961774559,39.27799988,1
,136725,16,16,0.023787022,3.265755177,3.241968155,1.383097321,1.013775037,22.12955713,1
,136726,22,22,0.325961113,3.947831392,3.621870279,2.05099652,1.125934798,45.12192345,1
,136727,9,9,0.059640408,3.759122849,3.699482441,1.808222453,1.195690547,16.27400208,1
,136728,20,20,0.087926865,5.534929276,5.447002411,3.799790549,1.806833846,75.99581099,1
,136730,19,19,0.031570911,5.612559319,5.580988407,3.141019282,1.88997952,59.67936635,1
,136731,27,27,0.176034451,6.316052437,6.140017986,3.318215953,1.922905057,89.59183073,1
,136732,38,38,0.119129658,5.883935928,5.764806271,3.142373298,1.713300321,119.4101853,1
,136733,46,46,0.202974319,6.446658134,6.243683815,4.30752479,1.854919218,198.1461403,1
,136734,36,36,0.30217886,5.352745533,5.050566673,2.926687327,1.584717093,105.3607438,1
,136735,14,14,0.219038486,5.498566151,5.279527664,2.284680077,1.806200667,31.98552108,1
,136736,13,13,0.056800365,5.380545616,5.323745251,2.704289766,1.751700847,35.15576696,1
,136737,5,5,0.161352158,2.007029533,1.845677376,0.710139561,0.665502771,3.550697803,1
,136738,28,28,0.041733265,5.305385113,5.263651848,1.704124706,1.307235452,47.71549177,1
,136740,1,1,0.182222366,0.182222366,0,0.182222366,0,0.182222366,1
,136741,2,2,0.375858307,1.511092663,1.135234356,0.943475485,0.567617178,1.88695097,1
,136742,1,1,0.341467381,0.341467381,0,0.341467381,0,0.341467381,1
,136744,8,8,0.281745434,2.672923565,2.391178131,1.161874473,0.876206589,9.294995785,1
,136745,41,41,0.072589397,5.340612888,5.268023491,3.104639344,1.613590655,127.2902131,1
,136746,36,36,0.007492065,4.99371624,4.986224174,2.719836493,1.605438132,97.91411376,1
,136747,58,58,0.013740063,6.029567719,6.015827656,2.657171854,1.688718958,154.1159675,1
,136748,34,34,0.088676453,5.774468899,5.685792446,3.056405404,1.993698686,103.9177837,1
,136749,31,31,0.324497223,5.327770233,5.00327301,2.565830369,1.545962755,79.54074144,1
,136750,39,39,0.021686554,5.222215652,5.200529099,2.499876707,1.480410006,97.49519157,1
,136751,37,37,0.019757748,5.037521362,5.017763615,1.586683563,1.166709739,58.70729184,1
,136752,69,69,0.063856602,5.436509132,5.372652531,3.377408625,1.506413875,233.0411952,1
,136753,69,69,0.0296278,5.015332222,4.985704422,2.722108799,1.510512523,187.8255072,1
,136754,66,66,0.061843872,4.651076317,4.589232445,2.088382941,1.229642096,137.8332741,1
,136755,78,78,0.017376423,5.704927444,5.687551022,2.94109217,1.677313349,229.4051893,1
,136756,74,74,0.013005257,5.897725582,5.884720325,3.329132579,1.894286419,246.3558109,1
,136757,27,27,0.147277832,3.627224207,3.479946375,1.376994054,0.827299964,37.17883945,1
,136758,2,2,0.416871548,1.525919914,1.109048367,0.971395731,0.554524183,1.942791462,1
,136759,1,1,0.361741543,0.361741543,0,0.361741543,0,0.361741543,1
,136760,1,1,0.191295624,0.191295624,0,0.191295624,0,0.191295624,1
,136762,36,36,0.018749714,4.659861565,4.641111851,2.778994792,1.488810501,100.0438125,1
,136763,8,8,0.506746769,4.470750332,3.964003563,2.287337422,1.191851001,18.29869938,1
,136764,1,1,0.76382494,0.76382494,0,0.76382494,0,0.76382494,1
,136765,24,24,0.118679523,4.791689873,4.673010349,3.422398736,1.406234377,82.13756967,1
,136766,10,10,0.058301449,3.649777174,3.591475725,1.780964637,1.0088848,17.80964637,1
,136767,2,2,0.078167439,0.631865978,0.55369854,0.355016708,0.27684927,0.710033417,1
,136770,27,27,0.316346645,4.872023582,4.555676937,1.921926763,1.087648345,51.89202261,1
,136771,106,106,0.012403965,5.634181976,5.621778011,2.931955151,1.624984343,310.787246,1
,136772,42,42,0.139994144,4.724322319,4.584328175,2.148587108,1.096758708,90.24065852,1
,138505,11,11,0.029633522,6.022783756,5.993150234,2.361943202,1.798921963,25.98137522,1
,138506,692,692,0.006455898,9.327569962,9.321114063,4.726262722,2.666919447,3270.573804,1
,138519,3,3,0.251369953,1.066326141,0.814956188,0.563006719,0.359253929,1.689020157,1
,138520,9,9,0.207100868,1.756701946,1.549601078,1.041985777,0.531408334,9.37787199,1
,139971,4614,4614,0.008649349,36.20201874,36.19336939,9.857261463,7.026736779,45481.40439,1
,139972,1790,1790,0.01610899,25.4614563,25.44534731,17.79634474,6.112516739,31855.45709,1
,140415,310,310,0.040062904,10.00149536,9.961432457,6.50863915,2.656542626,2017.678137,1
,140417,6272,6272,0.002557755,19.70753098,19.70497322,10.29416969,5.506064488,64565.03227,1
,140418,275,275,0.043388844,15.11809921,15.07471037,4.96374879,3.496078647,1365.030917,1
,140420,120,120,0.081181526,8.330864906,8.24968338,3.044196467,1.995487238,365.303576,1
,140421,393,393,0.000627041,12.47477341,12.47414637,5.184792304,3.18420145,2037.623376,1
,140423,917,917,0.007931232,5.786231995,5.778300762,2.058763203,1.280487262,1887.885857,1
,140444,141,141,0.061393261,5.704876423,5.643483162,2.613974808,1.637201742,368.5704479,1
,141955,61,61,0.025999069,3.198638439,3.17263937,1.376212956,0.865748062,83.94899035,1
,141956,879,879,0.01598835,19.8323822,19.81639385,8.197253296,4.299117007,7205.385647,1
,141958,328,328,0.065143108,18.33748436,18.27234125,7.091257771,5.067683988,2325.932549,1
,141959,105,105,0.227327824,10.40041924,10.17309141,6.741024494,2.405918539,707.8075719,1
,141961,108,108,8.478546143,11.89556217,3.417016029,10.25762874,0.715967809,1107.823904,1
,141965,2377,2377,0.017834663,32.07097626,32.05314159,9.503257914,6.859615976,22589.24406,1
,141966,1359,1359,0.002550125,34.61724854,34.61469841,15.58654565,9.990466984,21182.11554,1
,141969,27,27,0.120200634,3.618724585,3.498523951,1.300620856,0.974204291,35.11676311,1
,141971,5533,5533,0.004146576,41.31582642,41.31167984,26.81920858,12.34838235,148390.6811,1
,141972,3386,3386,0.00454092,39.30216599,39.29762506,15.07888156,12.51568985,51057.09297,1
,141973,263,263,0.006438255,4.634414673,4.627976418,1.85175724,1.224369472,487.0121541,1
,141974,1422,1422,0.00655508,12.51879311,12.51223803,5.659764456,2.79284806,8048.185057,1
,141975,1592,1592,0.00174284,19.81389236,19.81214952,9.274290223,5.261650858,14764.67004,1
,141976,542,542,0.005823612,10.48462391,10.4788003,6.075837285,2.536326813,3293.103808,1
,141978,272,272,0.444656372,41.26643372,40.82177734,33.49555682,11.50962559,9110.791454,1
,141980,3209,3209,0.000776291,21.48383904,21.48306274,7.698603481,3.913430888,24704.81857,1
,141983,321,321,0.002643108,7.482749939,7.480106831,3.405564982,1.769898242,1093.186359,1
,141984,1350,1350,0.009070396,7.758304119,7.749233723,3.392096249,1.918608795,4579.329936,1
,141986,424,424,0.008129597,21.1536541,21.1455245,5.131027844,3.465504948,2175.555806,1
,141987,4652,4652,0.00421524,42.58391571,42.57970047,17.22706014,13.48368775,80140.28379,1
,141993,636,636,0.0233531,12.37290764,12.34955454,6.506795496,2.804940201,4138.321935,1
,141995,9,9,0.025755882,2.000209808,1.974453926,0.97162199,0.61757494,8.744597912,1
,144461,150683,150683,1.09673E-05,49.42240524,49.42239428,9.71347204,14.00373128,1463655.107,1
,144462,1586,1586,0.066295147,43.62427521,43.55798006,19.31969194,14.30286517,30641.03142,1
,144463,2011,2011,0.000457764,8.288563728,8.288105965,3.407933163,1.911642839,6853.35359,1
,144464,3133,3133,0.004387379,28.92027092,28.91588354,9.85440189,9.377577631,30873.84112,1
,144466,4140,4140,0.002295494,43.50917816,43.50688267,18.21634596,10.42842356,75415.67229,1
,144468,9636,9636,0.009673595,41.37958527,41.36991167,23.60569112,12.8994526,227464.4396,1
,144487,56,56,15.67328835,35.24291992,19.56963158,24.64837677,5.360048734,1380.309099,1
,144488,2061,2061,0.029589176,44.1644516,44.13486242,20.33520897,12.68200969,41910.86568,1
,144553,43,43,0.051980495,5.043815613,4.991835117,2.309568488,1.594846533,99.311445,1
,144638,8533,8533,0.004303455,10.8711319,10.86682844,3.333644435,1.966866758,28445.98797,1
,144649,21442,21442,0.000686169,11.32214355,11.32145739,4.684747718,2.671324937,100450.3606,1
,144650,11569,11569,0.000444412,9.993083954,9.992639542,2.795967819,1.885457361,32346.5517,1
,144651,20599,20599,2.71797E-05,16.93164635,16.93161917,4.932775367,3.958892884,101610.2398,1
,145276,9345,9345,0.00229311,7.131838322,7.129545212,3.703100599,1.820636169,34605.4751,1
,145286,4181,4181,0.000634193,8.185955048,8.185320854,3.603597045,2.472538365,15066.63924,1
,145287,8299,8299,0.669895649,9.696364403,9.026468754,4.505779634,1.523911052,37393.46518,1
,145290,826,826,0.025651932,5.183272362,5.15762043,2.589280713,1.232019845,2138.745869,1
,148704,5939,5939,0.000313282,6.623377323,6.623064041,3.250988036,1.900909659,19307.61794,1
,148705,20328,20328,6.34193E-05,15.07242298,15.07235956,4.187363288,2.829210769,85120.72091,1
,148707,24,24,0.032656193,2.386157036,2.353500843,0.946155071,0.683801151,22.70772171,1
,148708,1164,1164,0.06636858,6.618294716,6.551926136,4.930063553,1.198488061,5738.593976,1
,148710,7,7,0.026357651,1.787007809,1.760650158,0.91229105,0.742224363,6.38603735,1
,148712,13,13,0.344598293,1.742361546,1.397763252,0.920101569,0.510382939,11.9613204,1
,148713,267,267,0.002404213,5.26518631,5.262782097,3.123586702,1.427141048,833.9976494,1
,148714,160,160,0.041790009,5.716496468,5.674706459,4.158685991,1.663350545,665.3897586,1
,148715,40,40,0.524697781,5.508452415,4.983754635,4.370921409,1.349223106,174.8368564,1
,148716,16,16,0.013598919,4.784196377,4.770597458,2.267164618,1.471308732,36.27463388,1
,148724,2633,2633,0.003190041,6.614666462,6.611476421,3.189381008,1.695381484,8397.640195,1
,148725,2555,2555,0.046793461,17.36535454,17.31856108,11.43640587,5.079194342,29220.01699,1
,148726,147,147,0.014934063,17.13676071,17.12182665,14.17076145,5.16029529,2083.101934,1
,148727,161,161,0.778176308,17.16398811,16.38581181,15.55926631,3.964604237,2505.041876,1
,148728,100,100,0.518682003,17.18623734,16.66755533,15.25240487,4.225587714,1525.240487,1
,148729,44,44,0.135831833,17.19456863,17.0587368,10.71188226,6.200121136,471.3228192,1
,148734,12,12,0.049912453,3.641452312,3.59153986,1.368189335,0.962870942,16.41827202,1
,148735,67,67,0.014792919,4.687755108,4.672962189,2.072379433,1.265419398,138.849422,1
,148736,75,75,0.063265324,6.019888401,5.956623077,2.4470915,1.650266826,183.5318625,1
,148737,58,58,0.038959503,4.088435173,4.04947567,2.006774088,1.202671194,116.3928971,1
,148738,36,36,0.065433025,3.578035831,3.512602806,1.742023547,1.009569839,62.71284771,1
,148739,58,58,0.150963306,6.97279644,6.821833134,3.287666736,2.053244717,190.6846707,1
,148740,24,24,0.036946774,4.643899918,4.606953144,2.195496857,1.48402322,52.69192457,1
,148741,31,31,0.649561405,8.591033936,7.94147253,4.869519303,2.411151123,150.9550984,1
,148743,14,14,0.023942471,1.709521294,1.685578823,0.797270468,0.556188745,11.16178656,1
,148744,1,1,0.059182167,0.059182167,0,0.059182167,0,0.059182167,1
,148746,1,1,0.142991543,0.142991543,0,0.142991543,0,0.142991543,1
,148747,14,14,0.112943172,2.150730133,2.037786961,0.976703916,0.573093971,13.67385483,1
,148748,12,12,0.074501514,1.694328785,1.619827271,0.846139113,0.499954669,10.15366936,1
,148749,1,1,0.190342426,0.190342426,0,0.190342426,0,0.190342426,1
,148750,4,4,0.009205818,0.891421318,0.8822155,0.431773305,0.335801852,1.72709322,1
,148751,5,5,0.357027054,1.158107281,0.801080227,0.759245205,0.26266304,3.796226025,1
,148752,19,19,0.002167225,2.405407429,2.403240204,1.210464277,0.65745499,22.99882126,1
,148753,26,26,0.166204929,2.409687996,2.243483067,1.258527664,0.705016465,32.72171926,1
,148754,33,33,0.062373161,3.716002941,3.65362978,1.589623581,1.035133312,52.45757818,1
,148755,11,11,0.018721581,2.152390003,2.133668423,0.983520464,0.674113002,10.81872511,1
,148756,5,5,0.148050785,1.198772907,1.050722122,0.604121685,0.364593204,3.020608425,1
,148758,29,29,0.130178928,8.39262104,8.262442112,3.17871874,2.263256774,92.18284345,1
,148759,93,93,0.169642448,15.2536335,15.08399105,9.286244374,4.800832833,863.6207268,1
,148760,102,102,0.351743698,15.55103874,15.19929504,13.61257752,3.920127903,1388.482907,1
,148761,138,138,0.94823885,15.65655899,14.70832014,14.8885617,2.595077951,2054.621514,1
,148762,161,161,0.222976208,15.83341217,15.61043596,14.55761667,3.428396723,2343.776284,1
,148763,142,142,0.072666645,16.1138382,16.04117155,13.46480713,4.696328931,1912.002612,1
,148764,112,112,0.235385418,16.22538376,15.98999834,14.83505572,3.63415155,1661.52624,1
,148765,74,74,0.305297375,16.23060226,15.92530489,12.89952688,4.80564165,954.5649891,1
,148766,139,139,0.965556145,16.30529022,15.33973408,14.8192287,3.567644383,2059.872789,1
,148767,170,170,0.936890125,16.35374832,15.4168582,14.64631934,3.909732357,2489.874287,1
,148768,196,196,0.219395161,16.34004784,16.12065268,14.48863728,4.097535046,2839.772907,1
,148769,107,107,0.269545555,16.2925148,16.02296925,11.14627323,5.582541197,1192.651236,1
,148770,3285,3285,0.006536484,16.42246628,16.41592979,8.04572172,4.136567157,26430.19585,1
,148771,39,39,0.076368332,5.872282982,5.79591465,2.970820023,1.594421107,115.8619809,1
,148772,1163,1163,0.017091751,15.47262383,15.45553207,8.416289247,2.103784095,9788.144395,1
,148773,107,107,0.129626751,4.273948193,4.144321442,1.906999465,1.054374939,204.0489428,1
,148777,14,14,0.018137932,2.143065929,2.124927998,0.878177098,0.575221977,12.29447937,1
,148778,23,23,0.019226551,2.750602722,2.731376171,1.380836715,0.855333508,31.75924444,1
,148779,21,21,0.107799053,3.796111107,3.688312054,1.795116652,1.116072722,37.69744968,1
,148780,22,22,0.235805511,3.777493954,3.541688442,2.011792378,1.045362659,44.25943232,1
,148781,31,31,0.239439011,4.564199448,4.324760437,2.255235434,1.308632234,69.91229844,1
,148782,32,32,0.188542366,4.887314796,4.69877243,2.258254282,1.344658396,72.26413703,1
,148783,41,41,0.009366989,6.57335186,6.563984871,3.020324916,1.860306691,123.8333216,1
,148784,77,77,0.051950932,9.105583191,9.053632259,4.839111375,2.317539296,372.6115758,1
,148785,69,69,0.097797871,5.692654133,5.594856262,2.404067755,1.451269053,165.8806751,1
,148786,27,27,0.026863575,3.827171803,3.800308228,1.534984571,0.947169233,41.44458342,1
,148787,89,89,0.122545242,8.963044167,8.840498924,4.080629488,2.267636901,363.1760244,1
,148788,96,96,0.090603828,9.816015244,9.725411415,5.182761319,2.714673851,497.5450866,1
,148789,67,67,0.465775013,9.915922165,9.450147152,5.982789452,3.102970041,400.8468933,1
,148790,72,72,0.891190529,9.724094391,8.832903862,6.135607719,2.922204933,441.7637558,1
,148791,75,75,0.017638206,9.747263908,9.729625702,6.123729032,3.060618974,459.2796774,1
,148792,40,40,0.258600235,8.556221008,8.297620773,3.416264868,2.291258673,136.6505947,1
,148793,84,84,0.166277885,8.376597404,8.210319519,4.260617163,2.365966968,357.8918417,1
,148794,71,71,0.038633823,7.611279011,7.572645187,3.445780062,2.206898769,244.6503844,1
,148795,47,47,0.422787189,7.698803902,7.276016712,3.930225464,2.180999653,184.7205968,1
,148796,44,44,0.073567867,5.864748478,5.791180611,2.987640224,1.761332238,131.4561698,1
,148797,56,56,0.160665512,9.246231079,9.085565567,4.658406445,2.710892494,260.8707609,1
,148798,58,58,0.162007332,8.971251488,8.809244156,5.085722241,2.678087085,294.97189,1
,148799,45,45,0.049335003,6.897730827,6.848395824,3.489986923,1.947928013,157.0494115,1
,148800,3594,3594,0.017018795,17.39039803,17.37337923,9.154928238,3.254567649,32902.81209,1
,148801,266,266,0.004526138,4.690319538,4.6857934,2.914242969,1.388770751,775.1886299,1
,148815,1790,1790,0.024546623,11.80924511,11.78469849,6.68908474,2.419988443,11973.46168,1
,148816,8,8,0.103738308,1.614627838,1.51088953,0.75340873,0.483082852,6.02726984,1
,148817,5,5,0.150952816,2.276310921,2.125358105,0.984575748,0.71043733,4.922878742,1
,148818,14,14,0.018111229,2.314210415,2.296099186,1.043435335,0.695375758,14.60809469,1
,148819,20,20,0.147589207,2.673906326,2.52631712,1.156801391,0.738566826,23.13602781,1
,148827,2261,2261,0.035044193,16.78237915,16.74733496,8.227143692,4.843626574,18601.57189,1
,148870,196,196,0.00505209,6.441016197,6.435964108,2.848008613,1.729234097,558.2096882,1
,148875,963,963,0.006717682,8.357441902,8.35072422,2.937054052,1.914913924,2828.383052,1
,148950,8421,8421,0.000586987,7.96493578,7.964348793,1.965503335,1.113491531,16551.50358,1
,148951,5409,5409,0.000789642,5.927975655,5.927186012,2.063426377,1.210239525,11161.07328,1
,150380,3417,3417,0.002361774,6.360860825,6.35849905,1.954663755,1.281411254,6679.08605,1
,150390,2459,2459,0.006475449,17.94927979,17.94280434,7.559053187,4.309487351,18587.71179,1
,150395,97,97,0.091114044,7.792693615,7.701579571,3.539323645,2.023395259,343.3143935,1
,150397,81,81,0.200540066,8.458106995,8.257566929,4.934002688,2.140392834,399.6542177,1
,150398,106,106,0.042765141,8.667156219,8.624391079,4.699124123,2.316828639,498.107157,1
,150399,468,468,0.030285358,8.722690582,8.692405224,4.149736153,2.53728399,1942.076519,1
,150400,447,447,0.038313389,9.352096558,9.313783169,6.135828269,2.474395292,2742.715236,1
,150407,49,49,0.08450985,8.761345863,8.676836014,4.043027104,2.771042987,198.1083281,1
,150417,1546,1546,0.004668713,8.77355957,8.768890858,4.078670766,1.722775786,6305.625005,1
,150434,2263,2263,0.001199245,24.05694962,24.05575037,5.90156822,6.665359944,13355.24888,1
,150435,1886,1886,0.009962559,25.60141754,25.59145498,9.304052619,6.054444591,17547.44324,1
,150436,3434,3434,0.001608849,25.81730843,25.81569958,6.492302427,6.826114327,22294.56654,1
,150437,1712,1712,0.003766537,19.01447678,19.01071024,4.473437369,3.60132114,7658.524776,1
,150440,2315,2315,0.058929443,28.10021019,28.04128075,13.89166098,7.741371976,32159.19516,1
,150441,3816,3816,0.007996559,22.43776321,22.42976665,7.852205467,4.665658002,29964.01606,1
,150683,718,718,0.011537552,3.356804371,3.345266819,1.170416544,0.641128396,840.3590789,1
,150877,2521,2521,0.002361298,13.94333458,13.94097328,4.372796274,2.843004101,11023.81941,1
,150879,413,413,0.055484772,12.02622604,11.97074127,6.091965904,3.138753374,2515.981918,1
,150880,1592,1592,0.141589642,17.61452866,17.47293901,8.153036614,3.814200195,12979.63429,1
,150881,555,555,0.000267982,17.8454361,17.84516811,3.077293709,2.695246143,1707.898008,1
,150888,2,2,0.171861649,0.184050083,0.012188435,0.177955866,0.006094217,0.355911732,1
,150889,658,658,0.001464367,6.557161808,6.555697441,2.672979903,1.544808371,1758.820776,1
,150892,659,659,0.049619675,15.69346619,15.64384651,3.436934089,2.573100504,2264.939564,1
,150896,747,747,0.050947189,25.58687019,25.535923,9.202357322,6.042597574,6874.160919,1
,151570,1453,1453,1.482787132,9.674131393,8.191344261,5.028534234,1.706245859,7306.460242,1
,151571,1568,1568,0.006708145,6.518903732,6.512195587,2.243170638,1.310491348,3517.29156,1
,151572,645,645,0.005140305,6.562846184,6.557705879,2.853423167,1.501730266,1840.457942,1
,151805,4262,4262,0.007556915,6.682373047,6.674816132,2.966002248,1.529619632,12641.10158,1
,152648,171,171,0.004693985,1.833631516,1.828937531,0.897380132,0.476931651,153.4520025,1
,152649,2927,2927,0.00105381,4.110417366,4.109363556,1.696981828,0.923597478,4967.06581,1
,152668,60,60,5.462246418,32.56775284,27.10550642,27.84746412,7.726603426,1670.847847,1
,152670,1153,1153,0.021245956,19.35859108,19.33734512,7.834793702,5.015371002,9033.517138,1
,152673,963,963,0.008080006,31.17887306,31.17079306,8.476740289,6.626249725,8163.100899,1
,152675,522,522,0.022409439,31.1422081,31.11979866,15.83979472,9.865967295,8268.372846,1
,152676,612,612,0.025280952,34.30342102,34.27814007,16.56663995,13.14865181,10138.78365,1
,152681,65237,65237,0.000207901,7.025407791,7.02519989,2.340248411,1.167607984,152670.7856,1
,161386,10232,10232,0.000589848,7.66106081,7.660470963,3.091941605,1.532547073,31636.74651,1
,161387,24447,24447,0.003890514,8.40389061,8.400000095,4.883629494,1.231444247,119390.0902,1
,161389,4727,4727,0.001786709,7.825437069,7.82365036,3.509060916,1.771545908,16587.33095,1
,172479,23376,23376,0.000522614,8.451316833,8.45079422,3.26377706,1.900532324,76294.05255,1
,172485,24600,24600,0.001209259,8.797556877,8.796347618,2.786885522,2.127680049,68557.38385,1
,172486,14564,14564,0.000603676,12.11298084,12.11237717,4.717161321,2.82255655,68700.73747,1
,172520,2,2,0.276877403,0.475150108,0.198272705,0.376013756,0.099136353,0.752027512,1
,172537,295,295,0.038145065,4.858957291,4.820812225,2.832131183,1.361451098,835.478699,1
,172538,212,212,0.013188362,5.050938129,5.037749767,3.541528757,1.341595728,750.8040965,1
,172539,277,277,0.009041786,4.981306076,4.97226429,3.618627223,1.440843508,1002.359741,1
,172540,238,238,0.071903229,5.489683151,5.417779922,4.153619962,1.31685855,988.5615509,1
,172541,222,222,0.29357481,5.311195374,5.017620564,4.523175049,1.097669536,1004.144861,1
,172542,220,220,0.0020051,5.381989479,5.379984379,3.711727731,1.711471846,816.5801008,1
,172543,176,176,0.06615591,5.446842194,5.380686283,3.506685903,1.696649282,617.176719,1
,172544,196,196,0.04825449,5.65907383,5.61081934,3.544090585,1.725830448,694.6417546,1
,172545,254,254,0.072210789,5.807579517,5.735368729,3.817342508,1.82682715,969.6049969,1
,172546,237,237,0.028819561,6.155281544,6.126461983,3.748114041,1.648615606,888.3030276,1
,172547,234,234,0.101695061,6.010012627,5.908317566,3.688385625,1.761943447,863.0822363,1
,172548,223,223,0.057366848,6.093474388,6.03610754,4.042788316,1.566982374,901.5417945,1
,172549,252,252,0.09086895,5.913730145,5.822861195,3.704575082,1.543646992,933.5529206,1
,172550,265,265,0.035031796,6.093002319,6.057970524,4.429846978,1.409098743,1173.909449,1
,172551,282,282,0.026265621,6.206207752,6.179942131,4.649743752,1.646229239,1311.227738,1
,172552,228,228,0.03112936,6.333324909,6.302195549,4.56722732,1.776143988,1041.327829,1
,172553,328,328,0.026549816,6.516839504,6.490289688,5.211298394,1.400179403,1709.305873,1
,172554,213,213,0.031011581,6.560070992,6.52905941,3.747760061,1.907365866,798.272893,1
,172555,197,197,0.022350788,5.355380058,5.33302927,3.148956697,1.308365018,620.3444693,1
,172556,202,202,0.054211617,5.978275299,5.924063683,3.410277295,1.695948016,688.8760135,1
,172557,240,240,0.031361103,5.942966461,5.911605358,4.061011206,1.429223193,974.6426895,1
,172558,217,217,0.053910732,5.392656326,5.338745594,3.575276029,1.399375347,775.8348982,1
,172559,211,211,0.062025547,5.652831078,5.590805531,3.371131804,1.866521781,711.3088107,1
,173083,2158,2158,0.020429134,11.45098782,11.43055868,5.98825005,3.19154952,12922.64361,1
,173085,2413,2413,0.01605463,15.63046455,15.61440992,5.945231085,3.312398834,14345.84261,1
,173087,685,685,0.009902,6.79624939,6.786347389,2.623962944,1.614340223,1797.414617,1
,177845,770,770,0.021026134,7.251693726,7.230667591,3.054555238,1.745842045,2352.007534,1
,177848,22706,22706,0.000701427,16.21640778,16.21570635,4.767189683,3.177159554,108243.8089,1
,177849,7136,7136,0.001159668,15.21552563,15.21436596,5.159520464,2.801600796,36818.33803,1
,177853,55457,55457,4.95911E-05,10.40867805,10.40862846,3.687417478,1.912693782,204493.1111,1
,177854,205240,205240,0.000348568,6.96619463,6.965846062,3.530060902,0.816591975,724509.6994,1
,177856,282964,282964,0.000362396,7.297122002,7.296759605,2.55988833,0.73235398,724356.2415,1
,177857,50809,50809,0.00292778,7.3215909,7.31866312,2.248709069,0.960885895,114254.6591,1
,177858,109115,109115,4.76837E-05,8.265006065,8.264958382,1.609952273,1.5903112,175669.9422,1
,177859,48336,48336,0.000474453,7.778581619,7.778107166,3.140825392,1.156926709,151814.9361,1
,177860,170826,170826,0.000185013,7.722496986,7.722311974,2.918743736,1.249874599,498597.3175,1
,177861,170096,170096,0.000641823,6.65411377,6.653471947,2.05889528,0.715043138,350209.8516,1
,177862,179,179,3.440042019,5.295708179,1.855666161,4.13110732,0.288172682,739.4682102,1
,177863,4517,4517,0.775640488,5.600681782,4.825041294,3.194550929,0.906548158,14429.78655,1
,177864,6342,6342,0.794918537,5.551344395,4.756425858,2.022400485,0.607391555,12826.06387,1
,177865,11242,11242,0.000440598,6.785732746,6.785292149,2.312946647,1.450518036,26002.1462,1
,177868,205,205,0.148129463,4.715770721,4.567641258,2.946514718,1.504330143,604.0355172,1
,177869,3410,3410,0.000199795,3.943984032,3.943784237,1.69475011,0.809730885,5779.097876,1
,177870,5217,5217,8.05855E-05,3.59101963,3.590939045,1.818015163,0.800582951,9484.585104,1
,177872,44174,44174,3.52859E-05,8.596319199,8.596283913,3.904134078,2.292832005,172461.2188,1
,177878,4,4,0.083385944,0.283490181,0.200104237,0.154948711,0.076301008,0.619794846,1
,177879,4957,4957,0.002126217,15.90138054,15.89925432,4.570323102,2.785152502,22655.09161,1
,178825,5474,5474,0.002317905,5.202657223,5.200339317,2.7282811,1.121008588,14934.61074,1
,179073,2756,2756,0.001739979,2.988527298,2.986787319,1.22161554,0.539203142,3366.772429,1
,179286,1203,1203,0.006406307,4.997018337,4.99061203,3.802453075,1.013802258,4574.351049,1
,181233,142,142,0.001337528,1.935265541,1.933928013,0.603892615,0.458887937,85.75275135,1
,181236,669,669,0.00180006,2.749595165,2.747795105,0.997745274,0.643230401,667.4915886,1
,181237,174,174,0.000471592,1.108808041,1.108336449,0.434294394,0.251616588,75.5672245,1
,206434,2577,2577,0.000919342,5.104698658,5.103779316,1.954606014,1.148045361,5037.019698,1
,246100,3851,3851,0.001091957,5.2311306,5.230038643,3.464224932,1.108104682,13340.73021,1
,246230,2381,2381,0.003035069,4.454434872,4.451399803,2.354402044,0.785373068,5605.831266,1
,246344,2121,2121,0.004806042,3.017980576,3.013174534,1.580527906,0.503111563,3352.299688,1
,246399,999,999,0.008789539,2.054251671,2.045462132,1.142070487,0.363201738,1140.928417,1
,246437,1763,1763,0.003146172,1.952031612,1.948885441,0.642340789,0.338410827,1132.44681,1
,270569,1758,1758,0.000408649,2.689716816,2.689308167,1.179781881,0.508559319,2074.056547,1
,270775,61246,61246,0.000128269,5.135845184,5.135716915,1.301554716,0.747179248,79715.02016,1
,270776,211,211,0.007599354,2.404141426,2.396542072,0.652317056,0.520612034,137.6388988,1
,270777,408,408,0.004751682,1.326620102,1.32186842,0.553919417,0.330431262,225.9991221,1
,270778,41545,41545,4.29153E-05,6.640276909,6.640233994,1.283381556,0.849775101,53318.08675,1
,270779,23579,23579,5.00679E-05,6.73119688,6.731146812,2.862969353,1.562534426,67505.95437,1
,270790,442,442,0.011071682,6.0070014,5.995929718,2.665928065,1.712258101,1178.340205,1
,270791,850,850,0.034414768,7.049862385,7.015447617,4.957107657,1.57286338,4213.541509,1
,270794,774,774,0.000160217,0.462920189,0.462759972,0.141662705,0.095471357,109.646934,1
,270795,293440,293440,3.71933E-05,7.623142719,7.623105526,1.355740914,0.895115709,397828.6137,1
,270796,5747,5747,0.000220776,6.898803711,6.898582935,2.443014432,2.035721936,14040.00394,1
,270798,83828,83828,1.90735E-06,6.817594051,6.817592144,1.21106315,1.045301696,101521.0017,1
,270799,99,99,0.097548962,2.819010258,2.721461296,1.705498392,0.593711357,168.8443408,1
,270818,523,523,0.005336285,5.240178108,5.234841824,2.728305686,1.443138014,1426.903874,1
,270820,412,412,0.006145477,6.961858749,6.955713272,3.528697664,2.144211943,1453.823438,1
,270821,27457,27457,0.003586769,7.660326958,7.656740189,1.898828093,0.905331932,52136.12296,1
,270822,2091,2091,0.00992775,5.516681194,5.506753445,2.869031987,1.522852814,5999.145885,1
,270824,18652,18652,0.000156403,6.493727684,6.493571281,2.327759677,1.767449467,43417.37349,1
,270825,7844,7844,0.000104904,7.509140015,7.50903511,2.120249994,1.493002301,16631.24095,1
,270827,5,5,0.019983768,0.252802849,0.23281908,0.116885757,0.078190039,0.584428787,1
,270828,6481,6481,0.00019598,2.785202026,2.785006046,0.696290673,0.424379515,4512.659852,1
,270829,296,296,0.024024963,5.646357536,5.622332573,2.896362316,1.418790185,857.3232455,1
,270830,722311,722311,2.14577E-05,6.800844193,6.800822735,1.428141596,0.95710815,1031562.384,1
,270832,2265,2265,0.000669003,4.502432823,4.501763821,1.634810742,1.131834817,3702.84633,1
,270833,1248,1248,0.000400066,3.918130875,3.917730808,0.682469472,0.751064677,851.7219005,1
,270834,7938,7938,0.003723145,6.969452858,6.965729713,1.982703529,1.115795465,15738.70061,1
,270835,41995,41995,0.000473022,7.53627491,7.535801888,2.658065756,1.219320052,111625.4714,1
,270836,2070,2070,0.004607201,4.891138077,4.886530876,2.57491371,1.331371927,5330.07138,1
,270837,735442,735442,3.76701E-05,9.200972557,9.200934887,2.713372362,1.260551039,1995527.997,1
,270839,27164,27164,7.96318E-05,8.865105629,8.865025997,5.088917124,2.576972462,138235.3448,1
,270840,1,1,3.518078804,3.518078804,0,3.518078804,0,3.518078804,1
,270848,231759,231759,0.000212669,7.6118536,7.61164093,2.218231708,1.196061167,514095.1624,1
,270849,9846,9846,0.000193596,6.096709251,6.096515656,2.409647557,1.415630201,23725.38985,1
,270850,75,75,0.005535126,3.660777092,3.655241966,2.09979379,1.064895966,157.4845343,1
,270851,5186,5186,0.001324654,7.078335762,7.077011108,3.517917716,1.70857992,18243.92128,1
,270853,18789,18789,3.8147E-06,6.385377407,6.385373592,2.314922028,2.072361684,43495.06999,1
,270857,1226,1226,0.001460075,4.316289902,4.314829826,1.74602967,1.257320117,2140.632375,1
,286039,1427426,1427426,2.00272E-05,6.959672928,6.959652901,3.728155219,1.648667411,5321665.692,1
,286041,27743,27743,0.001232147,10.04887295,10.0476408,4.777858693,2.583288045,132552.1337,1
,286042,50525,50525,6.38962E-05,10.04887295,10.04880905,4.435967343,2.601865699,224127.25,1
,286044,3192,3192,9.34601E-05,1.409016609,1.408923149,0.645933349,0.297422543,2061.819251,1
,286045,3940,3940,0.001140594,1.830919266,1.829778671,0.557232732,0.230243036,2195.496965,1
,286052,195,195,0.002099991,2.773169994,2.771070004,1.094092442,0.672739484,213.3480263,1
,286054,3187,3187,0.001536369,4.978023529,4.97648716,1.604941064,1.088922526,5114.94717,1
,286055,23623,23623,4.86374E-05,5.567943096,5.567894459,1.284025119,1.44525634,30332.52539,1
,286056,43213,43213,0.000146866,7.89649868,7.896351814,2.893672443,2.532466062,125044.2673,1
,286057,1784,1784,0.016430855,1.271855831,1.255424976,0.451173652,0.119696875,804.893795,1
,286058,45196,45196,0.000567436,6.329794884,6.329227448,1.724425166,1.60754391,77937.11981,1
,286059,5856,5856,0.012644768,6.367738247,6.355093479,5.092381735,1.217441266,29820.98744,1
,286060,1217,1217,0.002585411,6.202897549,6.200312138,4.64861715,1.525035129,5657.367071,1
,286061,276595,276595,9.63211E-05,6.993080139,6.992983818,1.455844219,0.934770814,402679.2317,1
,286062,61056,61056,8.39233E-05,7.678242683,7.67815876,2.981215227,2.485459747,182021.0769,1
,286063,170895,170895,0.000386238,7.265744209,7.265357971,2.872754547,1.072135175,490939.3883,1
,286066,1089434,1089434,0.000174522,13.04887295,13.04869843,1.742140909,1.009357919,1897947.539,1
,286067,1939534,1939534,2.86102E-06,13.04887295,13.04887009,2.095573302,0.803313783,4064435.668,1
,286068,95320,95320,6.38962E-05,13.04887295,13.04880905,1.79426991,0.673605712,171029.8078,1
,286111,26973,26973,0.000123024,8.013671875,8.013548851,2.293463986,2.083274813,61861.60409,1
,286112,29876,29876,0.003034592,8.055400848,8.052366257,3.549052959,1.95972587,106031.5062,1
,293018,61,61,0.004965782,0.496095181,0.491129398,0.161430023,0.101332705,9.847231388,1
,293020,72,72,0.151084423,4.907803059,4.756718636,2.783418781,1.518768643,200.4061522,1
,293078,3161,3161,0.000983238,5.231347084,5.230363846,2.775823734,1.197138115,8774.378825,1
,293079,287611,287611,0.000315666,7.987883091,7.987567425,3.883853062,1.041886752,1117038.863,1
,293080,1,1,0.32813549,0.32813549,0,0.32813549,0,0.32813549,1
,293081,190,190,0.226366043,4.483486176,4.257120132,2.006591897,1.179122274,381.2524605,1
,293082,16173,16173,0.000505447,5.695532799,5.695027351,3.044908523,1.180756627,49245.30554,1
,293085,48,48,0.055738449,3.743029594,3.687291145,1.935148418,1.242263771,92.88712406,1
,293087,299,299,0.001430511,3.924623013,3.923192501,1.500576319,0.97579588,448.6723194,1
,293593,906,906,0.005304337,4.101343632,4.096039295,2.392521064,1.090064451,2167.624084,1
,293594,17851,17851,0.000134468,4.354262352,4.354127884,1.20770119,0.773573788,21558.67395,1
,293595,204159,204159,9.25064E-05,5.028074265,5.027981758,1.484825772,0.802990258,303140.5447,1
,293596,6302,6302,0.00069809,4.151037693,4.150339603,2.381406842,0.769665946,15007.62592,1
,293598,9591,9591,0.001067162,5.214047909,5.212980747,2.971194288,1.290881717,28496.72441,1
,293804,23036,23036,0.000580788,5.133224964,5.132644176,3.366135599,1.145347104,77542.29966,1
,294014,2975,2975,0.009612083,6.505635738,6.496023655,3.772233577,1.170242045,11222.39489,1
,294015,220,220,0.000860214,0.874413013,0.873552799,0.391698194,0.204062666,86.17360258,1
,294016,615,615,0.001280785,2.112038136,2.110757351,0.418897255,0.266178807,257.6218119,1
,294017,2166,2166,0.002243042,1.65983963,1.657596588,0.815006433,0.320249157,1765.303933,1
,294018,4914,4914,0.00606823,3.275944233,3.269876003,2.401311647,0.426202877,11800.04543,1
,294019,2351,2351,0.0020504,4.659480095,4.657429695,2.629025967,1.235419639,6180.840049,1
,294020,9690,9690,0.003052711,4.413127899,4.410075188,2.643850227,1.111518719,25618.9087,1
,294021,409,409,0.022158623,4.451259613,4.42910099,2.720864062,1.237629524,1112.833401,1
,294022,1768,1768,0.021764755,5.068620682,5.046855927,2.83364985,0.87337238,5009.892935,1
,294023,15945,15945,0.000234604,6.19457531,6.194340706,2.957189014,0.80890254,47152.37883,1
,294024,11757,11757,0.00361824,5.779020309,5.775402069,2.979991306,0.815099725,35035.75779,1
,294025,78424,78424,0.000217438,5.896162033,5.895944595,3.285219127,0.716872146,257640.0248,1
,294026,20291,20291,0.009037971,5.933722496,5.924684525,2.952897234,0.794964129,59917.23777,1
,294027,8126,8126,0.012417793,5.923958778,5.911540985,3.217060009,0.974889734,26141.82963,1
,294028,6656,6656,0.000132561,5.300373554,5.300240993,2.597647292,0.98205853,17289.94038,1
,294029,148,148,0.022264481,4.528038025,4.505773544,1.765409151,1.129807819,261.2805543,1
,294030,10030,10030,0.000948906,3.11224556,3.111296654,1.98845371,0.639250426,19944.19072,1
,294031,18958,18958,0.000161171,6.049881935,6.049720764,2.76644097,1.04931698,52446.18791,1
,294032,52911,52911,1.43051E-05,6.090075493,6.090061188,1.920163581,0.976924521,101597.7752,1
,294033,232127,232127,9.53674E-07,7.1616292,7.161628246,1.501805428,1.655788746,348609.5886,1
,294034,6402,6402,0.004311562,5.506767273,5.502455711,3.02809628,0.736355261,19385.87239,1
,294035,3504,3504,0.000699997,1.040940762,1.040240765,0.421824394,0.233412521,1478.072678,1
,294036,98013,98013,3.14713E-05,9.244754791,9.24472332,2.410361051,2.518950347,236246.7177,1
,294038,8300,8300,2.19345E-05,8.029626846,8.029604912,2.959027683,2.235941469,24559.92977,1
,294039,211667,211667,5.62668E-05,8.168751717,8.16869545,1.949704814,1.233531205,412688.1688,1
,294042,216449,216449,1.71661E-05,6.30700922,6.306992054,0.974227275,0.485307118,210870.5194,1
,294043,130,130,0.023961067,0.755683899,0.731722832,0.377159929,0.174994934,49.03079081,1
,294044,97395,97395,0.000508308,6.881751537,6.881243229,1.96950251,1.245922793,191819.697,1
,294045,212286,212286,0.001065254,6.642522335,6.641457081,3.419741182,0.691316912,725963.1766,1
,294047,4536,4536,0.000999451,5.827933311,5.826933861,2.177500236,1.397122092,9877.141071,1
,294048,147871,147871,2.47955E-05,6.48546648,6.485441685,2.698262803,1.096626931,398994.8189,1
,294050,84800,84800,0.000546455,8.062064171,8.061517715,1.476999481,1.76822335,125249.556,1
,294051,58270,58270,7.9155E-05,7.662496567,7.662417412,1.800310323,1.614373724,104904.0825,1
,294052,359065,359065,0.000103951,13.04887295,13.048769,2.714424964,2.638733999,974654.9996,1
,294053,80055,80055,0.000170708,8.837133408,8.8369627,1.645026222,1.505384215,131692.5742,1
,294054,568950,568950,3.62396E-05,9.730427742,9.730391502,2.195364001,2.175290917,1249052.348,1
,294055,807,807,2.937745094,8.687939644,5.75019455,6.416336101,1.106070449,5177.983233,1
,294056,473006,473006,9.44138E-05,8.230671883,8.230577469,1.167825019,1.322957587,552388.2411,1
,294057,66853,66853,0.000759125,9.258348465,9.25758934,4.317292356,2.868492207,288623.9459,1
,322058,140,140,0.014271736,0.505254745,0.490983009,0.17714576,0.112537296,24.80040646,1
,322059,167,167,0.002981186,0.659701347,0.656720161,0.210871488,0.129133339,35.2155385,1
,322060,136,136,0.001856804,0.497749329,0.495892525,0.173686946,0.122316681,23.62142467,1
,322061,156,156,0.000653267,0.596047401,0.595394135,0.167267909,0.127363133,26.09379387,1
,322062,133,133,0.213472366,5.543816566,5.3303442,3.909460584,1.684453859,519.9582577,1
,322063,172,172,0.066419601,4.812128067,4.745708466,2.350155869,0.89246758,404.2268095,1
,322064,57,57,0.000432014,3.874018669,3.873586655,1.221892859,1.236145109,69.64789295,1
,322065,122,122,3.787216187,6.084116459,2.296900272,5.415093227,0.308610636,660.6413736,1
,322066,129,129,3.259305954,5.660531998,2.401226044,4.680158508,0.677102436,603.7404475,1
,322067,249,249,3.182012081,5.698996544,2.516984463,4.556876514,0.826325245,1134.662252,1
,322068,224,224,3.312932491,5.670435905,2.357503414,4.703413753,0.751291553,1053.564681,1
,322069,289,289,3.513660431,5.864352703,2.350692272,5.148684747,0.50101563,1487.969892,1
,322070,313,313,0.027366638,5.614892483,5.587525845,3.461461259,1.480266386,1083.437374,1
,322071,333,333,0.001132965,1.249614239,1.248481274,0.224188676,0.187515116,74.65482903,1
,322072,212,212,0.004174232,1.035421371,1.031247139,0.313281943,0.185863271,66.41577196,1
,322073,133,133,0.002240181,0.565512657,0.563272476,0.168806126,0.131484761,22.45121479,1
,322074,307,307,0.000313759,2.67720747,2.676893711,0.297336832,0.434399897,91.28240728,1
,322075,2737,2737,0.00028801,6.69796133,6.697673321,2.325598075,2.160774786,6365.161931,1
,322076,332,332,0.084783554,5.742706776,5.657923222,4.554197665,1.155592793,1511.993625,1
,322077,534,534,0.108721733,5.583827019,5.475105286,4.493960171,1.12784449,2399.774731,1
,322078,223,223,0.26527977,5.433467388,5.168187618,4.566291204,1.097382161,1018.282938,1
,322079,815,815,0.043409348,5.654213905,5.610804558,4.398067282,1.258349705,3584.424835,1
,322080,432,432,0.012767792,5.610226631,5.597458839,4.032311463,1.723014766,1741.958552,1
,322081,323,323,0.774468422,5.669840336,4.895371914,4.61762627,1.008414632,1491.493285,1
,322082,441,441,0.005846977,5.684264183,5.678417206,2.792507901,2.127300592,1231.495985,1
,322083,126,126,0.000699043,3.276734352,3.276035309,0.514200097,0.61012825,64.78921223,1
,322084,972,972,0.07094574,5.886629105,5.815683365,4.277978266,1.249818162,4158.194874,1
,322085,827,827,0.0008955,5.985614777,5.984719276,3.693443631,1.796975219,3054.477883,1
,322086,1818,1818,0.001243591,5.99274683,5.991503239,4.173193595,1.495704046,7586.865956,1
,322087,285,285,2.903352737,4.362153053,1.458800316,3.470384288,0.293661649,989.0595222,1
,322088,542,542,0.000731468,0.690914154,0.690182686,0.233343601,0.131958717,126.4722319,1
,322089,269,269,0.000873566,0.757101059,0.756227493,0.242666154,0.144469011,65.27719545,1
,322090,453,453,0.001242638,0.844491482,0.843248844,0.280175832,0.153492213,126.919652,1
,322091,363,363,0.002465248,1.031452179,1.028986931,0.264136891,0.187080147,95.88169146,1
,322092,213,213,0.002674103,1.706943512,1.704269409,0.409298288,0.355219498,87.18053532,1
,322093,183,183,0.005484581,0.738239765,0.732755184,0.229148536,0.150856474,41.93418217,1
,322094,265,265,3.8147E-06,0.719124794,0.719120979,0.217195243,0.147565265,57.55673933,1
,322095,518,518,0.000809669,2.704902649,2.704092979,0.291987648,0.313176708,151.2496018,1
,322096,225,225,0.000710487,1.443757057,1.44304657,0.24150692,0.258924725,54.33905697,1
,322097,109,109,0.00276947,0.375221252,0.372451782,0.13986388,0.09407807,15.24516296,1
,322098,24,24,0.007588387,1.978622913,1.971034527,0.223435899,0.408738429,5.362461567,1
,322099,98,98,0.013737679,3.797373772,3.783636093,1.470224093,1.134494951,144.0819612,1
,322101,64,64,0.005324364,0.728820801,0.723496437,0.18618314,0.149592813,11.91572094,1
,322102,2786,2786,0.000475883,1.259273052,1.258797169,0.402223347,0.221862888,1120.594246,1
,322103,3335,3335,0.000106812,9.703016281,9.70290947,2.155562868,3.115325408,7188.802166,1
,322104,146125,146125,3.8147E-06,14.18577194,14.18576813,4.271641709,3.79496834,624193.6447,1
,322105,1073430,1073430,8.10623E-05,10.70129108,10.70121002,4.114664421,1.537550165,4416804.229,1
,322106,260688,260688,8.10623E-05,10.4403019,10.44022083,3.447552943,1.675371157,898735.6816,1
,322107,29954,29954,0.000378609,11.24554634,11.24516773,2.288465204,2.827702878,68548.68672,1
,322108,6571,6571,6.10352E-05,6.709922314,6.709861279,0.564500193,0.907682001,3709.330771,1
,322109,4886,4886,2.28882E-05,11.08933258,11.08930969,6.533694499,3.587762689,31923.63132,1
,322110,661387,661387,2.57492E-05,12.03183842,12.03181267,3.240005449,1.72654742,2142897.484,1
,322112,907235,907235,3.8147E-05,10.84305,10.84301186,4.007074235,1.292498496,3635357.993,1
,322113,36,36,0.001610756,0.376924515,0.375313759,0.119202243,0.094655302,4.291280746,1
,322114,9709,9709,4.29153E-05,5.288054943,5.288012028,0.555009241,0.673457406,5388.584717,1
,322119,37571,37571,0.000249863,10.39850044,10.39825058,3.89585862,2.998250053,146371.3042,1
,322120,21761,21761,6.19888E-05,9.890276909,9.89021492,3.372498681,2.577166994,73388.94379,1
,322121,96765,96765,4.76837E-06,17.5366993,17.53669453,1.366781724,2.735094425,132256.6336,1
,322122,54800,54800,1.90735E-06,8.249418259,8.249416351,1.021524751,1.563561356,55979.55637,1
,322123,48005,48005,8.86917E-05,12.47188473,12.47179604,4.819382445,3.535663741,231354.4543,1
,322125,329579,329579,2.00272E-05,13.44801521,13.44799519,3.305360663,2.095100337,1089377.462,1
,322126,14126,14126,0.000447273,11.23545361,11.23500633,4.588904059,2.708752243,64822.85874,1
,322128,23357,23357,5.91278E-05,12.27279091,12.27273178,6.660694719,3.974989509,155573.8466,1
,322129,19,19,0.078085899,4.687425137,4.609339237,2.026681147,1.290151295,38.5069418,1
,322131,133,133,0.001746178,5.363550186,5.361804008,1.185788635,1.118580044,157.7098885,1
,322137,288423,288423,0,11.23792267,11.23792267,2.919026639,2.043474583,841914.4203,1
,322152,2619,2619,0.000628471,7.491024971,7.4903965,3.126081664,1.822250145,8187.207879,1
,322155,2270,2270,0.000452995,4.81504631,4.814593315,2.205059745,1.209534776,5005.48562,1
,322317,3133,3133,0.00088501,3.775083065,3.774198055,1.247083095,0.772103587,3907.111335,1
,322374,116,116,0.116098404,5.072157383,4.956058979,2.954614869,1.337910501,342.7353249,1
,322379,8568,8568,0.000597,5.916707993,5.916110992,2.818157664,1.405737212,24145.97486,1
,338731,13736,13736,0.000102043,2.821540356,2.821438313,1.205122722,0.779968478,16553.56571,1
,338782,306856,306856,0.001013756,5.022913933,5.021900177,2.434779035,0.521733307,747126.5555,1
,338784,6138,6138,0.002009392,8.512012482,8.51000309,3.634015652,2.55001516,22305.58807,1
,338804,240,240,0.000277519,1.588895798,1.588618279,0.392601305,0.320173383,94.22431326,1
,338805,177,177,0.002205849,2.19267416,2.190468311,0.689557116,0.500718945,122.0516095,1
,338806,71,71,0.081378937,2.172860146,2.091481209,0.888169168,0.556090963,63.06001091,1
,338807,133,133,0.008595467,4.223446846,4.214851379,1.62191349,1.267871166,215.7144942,1
,338808,204,204,0.003207207,5.550032616,5.546825409,1.711871049,1.330915196,349.221694,1
,338809,17356,17356,0.000256538,6.622083187,6.621826649,4.103913878,1.865394429,71227.52926,1
,343436,177559,177559,2.09808E-05,4.69332695,4.693305969,1.199304786,0.789193163,212947.3584,1
,343438,71568,71568,0.000219345,2.708051205,2.70783186,1.159349328,0.352577791,82972.31269,1
,343439,41428,41428,0.00017643,9.839781761,9.839605331,4.081510377,3.478129416,169088.8119,1
,343440,604028,604028,0.000297546,5.482667446,5.4823699,3.673675601,1.464010642,2219002.926,1
,343441,1111868,1111868,1.52588E-05,8.577194214,8.577178955,4.288769574,1.572547806,4768545.649,1
,343444,382,382,0.010925293,2.766330242,2.755404949,0.878326385,0.534576876,335.520679,1
,343446,515,515,0.000325203,3.654537201,3.654211998,1.423419164,0.814371624,733.0608692,1
,343447,178,178,0.016112328,2.997085094,2.980972767,1.341540902,0.789765048,238.7942805,1
,343461,1473,1473,0.003528595,3.596977234,3.593448639,1.51869621,0.874416954,2237.039517,1
,343462,660,660,0.003263474,3.671525478,3.668262005,1.419477927,0.755577373,936.855432,1
,343464,1007,1007,0.00235939,3.231970787,3.229611397,1.437099748,0.767165994,1447.159446,1
,343473,3138,3138,0.00210762,3.729740143,3.727632523,1.660915085,0.775251347,5211.951537,1
,344422,102936,102936,9.34601E-05,10.03485012,10.03475666,1.816328655,2.515344324,186965.6065,1
,344423,36124,36124,0.000103951,10.00013256,10.00002861,2.897849403,3.024665912,104681.9118,1
,344425,120822,120822,8.96454E-05,9.671284676,9.67119503,1.594897054,2.028912039,192698.6519,1
,344426,27101,27101,5.43594E-05,8.728377342,8.728322983,0.824964954,0.7640804,22357.37522,1
,344427,40373,40373,3.71933E-05,9.437338829,9.437301636,1.896189278,2.598049784,76554.84971,1
,344428,3531,3531,0.003644943,6.65700388,6.653358936,2.279840504,1.636707986,8050.116819,1
,344429,1636,1636,0.018404007,6.742559433,6.724155426,1.959517946,1.980784267,3205.771359,1
,344430,38712,38712,0.000107765,10.14987469,10.14976692,2.76198703,2.534767437,106922.0419,1
,344431,263067,263067,0.000412941,6.775292397,6.774879456,1.007365692,0.435376932,265004.6704,1
,344432,240414,240414,1.14441E-05,10.22560215,10.22559071,2.26092301,2.290540126,543557.5445,1
,344434,7156,7156,2.76566E-05,7.447294712,7.447267056,3.013688655,1.827365725,21565.95602,1
,344435,56294,56294,8.58307E-06,10.35773087,10.35772228,3.475803631,3.405923681,195666.8896,1
,344438,9077,9077,8.67844E-05,6.292298317,6.292211533,0.857398087,0.497526969,7782.60244,1
,344439,21654,21654,0.000293732,9.444968224,9.444674492,2.359298578,2.514628502,51088.2514,1
,344442,2400,2400,0.00106144,1.784384251,1.783322811,0.512663318,0.366210749,1230.391964,1
,344443,96365,96365,2.86102E-06,6.611785889,6.611783028,0.965042678,0.820638974,92996.33771,1
,344444,2176,2176,0.000231743,1.988892078,1.988660336,0.508132692,0.358728063,1105.696738,1
,344445,19443,19443,0.000117302,7.083939075,7.083821774,0.950264268,0.741284424,18475.98817,1
,344446,260,260,0.005145073,2.006464005,2.001318932,0.80925118,0.538023317,210.4053068,1
,344447,368,368,0.008281708,2.122653008,2.1143713,1.086548681,0.618758713,399.8499146,1
,344448,149005,149005,0.000177383,10.23465157,10.23447418,1.129948515,1.312029936,168367.9785,1
,344452,144,144,0.138546944,6.000687599,5.862140656,1.543053736,1.564639932,222.199738,1
,344453,73,73,0.003263474,5.508686543,5.505423069,1.767630623,1.463540072,129.0370355,1
,344454,1698,1698,0.000506401,3.100406647,3.099900246,0.917042748,0.408450861,1557.138586,1
,344455,468,468,0.00012207,8.464125633,8.464003563,4.997371085,2.463592882,2338.769668,1
,344456,960,960,0.004220963,5.631907463,5.627686501,2.174437378,1.776216091,2087.459883,1
,344457,931,931,0.0001297,1.475389004,1.475259304,0.470395466,0.244265727,437.938179,1
,344458,24392,24392,0.00020504,4.802111626,4.801906586,0.816055611,0.745423491,19905.22847,1
,344459,95,95,0.00582695,0.980148792,0.974321842,0.68413232,0.207096309,64.9925704,1
,344462,46,46,0.010476112,0.892785549,0.882309437,0.478262725,0.250970113,22.00008535,1
,344467,1443,1443,0.000483513,5.023326397,5.022842884,0.899745914,0.741110617,1298.333354,1
,344468,10808,10808,0.001041412,8.912937164,8.911895752,3.126248452,2.428166381,33788.49327,1
,344470,13808,13808,0.000785828,7.196689606,7.195903778,3.183093852,1.611894758,43952.1599,1
,344471,109511,109511,9.53674E-07,9.866238594,9.86623764,3.100343663,3.289971233,339521.7349,1
,344472,122976,122976,0.000192642,9.836925507,9.836732864,1.646692507,2.234584076,202503.6577,1
,344473,626713,626713,1.90735E-05,9.86582756,9.865808487,2.243757034,2.488635173,1406191.702,1
,344474,17422,17422,9.34601E-05,6.151733398,6.151639938,2.258298085,1.817040614,39344.06923,1
,344477,205294,205294,2.95639E-05,8.725904465,8.725874901,1.190427185,1.334350652,244387.5586,1
,344478,1914,1914,0.049870491,8.249475479,8.199604988,4.910230599,3.023306025,9398.181367,1
,344479,35856,35856,6.38962E-05,8.829201698,8.829137802,1.071242322,0.94427233,38410.46471,1
,344480,60750,60750,0.001213074,10.17290211,10.17168903,5.549346725,3.345368643,337122.8135,1
,344481,198308,198308,7.62939E-06,10.52339268,10.52338505,2.00818508,2.544265882,398239.1669,1
,344482,566593,566593,1.90735E-05,9.893568039,9.893548965,1.216838969,1.353117503,689452.4421,1
,344483,68483,68483,0.000141144,9.434325218,9.434184074,5.669425327,3.203433431,388259.2547,1
,344484,130723,130723,2.86102E-06,10.38434696,10.3843441,2.798578086,2.733681117,365838.5231,1
,344485,115284,115284,0.002410889,6.868561745,6.866150856,1.17950369,0.755671367,135977.9034,1
,344488,13515,13515,0.463255882,8.207048416,7.743792534,3.407571201,1.741983147,46053.32479,1
,344491,115362,115362,3.91006E-05,9.688098907,9.688059807,1.240187019,1.46737182,143070.4548,1
,344492,36266,36266,0.105727196,8.429789543,8.324062347,2.37201174,1.763174523,86023.37778,1
,344493,953251,953251,0.000342369,9.704658508,9.704316139,1.555761968,1.856786752,1483031.652,1
,344494,3783,3783,0.004027367,6.096957207,6.09292984,2.881121731,1.321271815,10899.28351,1
,344496,7407,7407,0.000175476,5.273718357,5.273542881,1.240097949,1.329911112,9185.405511,1
,344498,5463,5463,0.548933506,6.567113876,6.01818037,3.00029282,1.276109885,16390.59967,1
,344499,7229,7229,0.001459122,5.299843788,5.298384666,1.17485185,1.26283014,8493.004024,1
,344501,5120,5120,0.020313263,5.050662994,5.030349731,1.470834719,1.444670829,7530.673761,1
,344502,97558,97558,0.03319931,7.405742168,7.372542858,1.502816007,1.30593924,146611.724,1
,344503,511015,511015,0.003660202,7.243898392,7.24023819,1.186711087,0.967716108,606427.1662,1
,344506,1098003,1098003,2.76566E-05,12.05042648,12.05039883,1.289949088,1.276710533,1416367.969,1
,344507,349891,349891,0.000187874,7.684907913,7.684720039,1.05138882,0.845658207,367871.4858,1
,344509,234251,234251,7.62939E-05,10.95444679,10.9543705,0.780134019,0.438081098,182747.1741,1
,344511,314235,314235,0.000557899,11.32669735,11.32613945,1.744283456,2.233196997,548114.9117,1
,344512,28558,28558,0.00197506,3.66293478,3.660959721,0.991788318,0.2607528,28323.49077,1
,344513,209188,209188,9.15527E-05,10.25807762,10.25798607,1.43892119,1.927155224,301005.0459,1
,344514,349472,349472,0.000143051,11.54288292,11.54273987,1.952397839,2.459952421,682308.3777,1
,344515,29032,29032,0.000528336,6.146359444,6.145831108,1.440740674,1.629018956,41827.58324,1
,344516,11667,11667,0.000984192,4.164803505,4.163819313,0.878447659,0.562776865,10248.84884,1
,344517,895527,895527,2.00272E-05,11.46460724,11.46458721,1.153061618,1.431268883,1032597.812,1
,344527,115,115,0.026041985,4.360706329,4.334664345,2.679638941,1.152169796,308.1584783,1
,344530,1141,1141,0.001485825,5.307234764,5.30574894,2.038763386,1.564841103,2326.229024,1
,344535,160466,160466,0.000201225,15.04699898,15.04679775,1.012060181,1.626947373,162401.249,1
,344536,63970,63970,0.000175476,9.174880028,9.174704552,1.275665235,1.914608547,81604.30511,1
,344537,95188,95188,1.90735E-05,9.824408531,9.824389458,0.879929088,1.230135144,83758.69001,1
,344538,153075,153075,0,9.580509186,9.580509186,1.920776212,2.430216494,294022.8187,1
,344540,33788,33788,7.82013E-05,6.606712341,6.60663414,1.121058607,1.203485947,37878.32821,1
,344541,35245,35245,3.8147E-05,5.447010994,5.446972847,1.270878355,1.216646185,44792.10764,1
,344543,480839,480839,1.90735E-06,7.409435272,7.409433365,3.234025404,1.479853349,1555045.541,1
,344544,751415,751415,1.90735E-06,16.99901581,16.9990139,1.324245744,1.574780019,995058.1159,1
,344546,582112,582112,9.53674E-07,17.40551758,17.40551662,3.135612603,3.927776482,1825277.724,1
,344547,11625,11625,0.000222206,5.656822205,5.656599998,1.782026442,1.268235533,20716.05739,1
,344548,76002,76002,1.71661E-05,5.482667446,5.48265028,2.711691263,1.668467296,206093.9594,1
,344566,22786,22786,1.23978E-05,5.181779385,5.181766987,2.662534832,1.249920722,60668.51867,1
,344572,17031,17031,7.05719E-05,5.171489716,5.171419144,1.051456158,1.106933249,17907.34982,1
,344583,2710,2710,0.006219864,2.422692776,2.416472912,0.984158238,0.274532226,2667.068825,1
,344584,7890,7890,9.82285E-05,2.696918011,2.696819782,0.855870704,0.397115691,6752.819852,1
,344585,52538,52538,6.10352E-05,6.149590969,6.149529934,0.995838081,0.780318957,52319.34112,1
,344586,3108,3108,0.009322166,3.923700333,3.914378166,1.006891497,0.460755437,3129.418773,1
,344587,1366,1366,0.004076958,4.854076385,4.849999428,1.813463815,1.064371238,2477.191571,1
,344589,38585,38585,0.000107765,6.020387173,6.020279408,1.350356813,1.081519443,52103.51763,1
,344590,397192,397192,7.62939E-06,7.040932655,7.040925026,1.095209407,0.652255279,435008.4147,1
,344634,3206,3206,8.10623E-05,2.166028023,2.16594696,0.904561974,0.398369507,2900.02569,1
,344661,37233,37233,1.33514E-05,7.665226936,7.665213585,2.701096627,2.490038121,100569.9307,1
,344667,237,237,0.003814697,4.580817223,4.577002525,0.745236604,0.763605147,176.6210752,1
,347948,3037,3037,0.007708549,8.580525398,8.572816849,4.770440544,2.536476404,14487.82793,1
,347950,33493,33493,0.001217842,3.965576172,3.96435833,1.222177616,0.455813068,40934.3949,1
,347960,19256,19256,0.000416756,9.093527794,9.093111038,5.856344675,2.443224907,112769.7731,1
,347962,125021,125021,7.53403E-05,3.353040695,3.352965355,1.12808208,0.771157937,141033.9497,1
,348101,54488,54488,3.05176E-05,2.199243546,2.199213028,0.732648103,0.467236112,39920.52984,1
,348105,378003,378003,5.62668E-05,9.519058228,9.519001961,2.132937642,1.620003217,806256.8273,1
,348106,323,323,0.002156258,0.895903111,0.893746853,0.404726003,0.14902931,130.7264991,1
,348107,44441,44441,0.000214577,9.161011696,9.160797119,2.608644825,2.400136183,115930.7847,1
,348108,84259,84259,1.71661E-05,9.246711731,9.246694565,2.079431357,1.927380363,175210.8067,1
,348112,483114,483114,0,9.195492744,9.195492744,2.234852985,2.195589913,1079688.765,1
,348116,246734,246734,0.000850677,6.670113564,6.669262886,1.150501797,0.995879304,283867.9104,1
,348117,56063,56063,0.003165245,6.719916344,6.716751099,1.722978642,1.651993742,96595.35163,1
,390484,293067,293067,0.000121593,51.1223526,51.12223101,6.205680585,7.858955006,1818680.192,1
