OBJECTID,Value,COUNT,AREA,MIN,MAX,RANGE,MEAN,STD,SUM
-1,843006,857,857.000000000000000,0.018395900726318,5.306930541992188,5.288534641265869,3.983637145964935,1.387319165594713,3413.977034091949463
-1,843010,528,528.000000000000000,0.002786636352539,5.142233848571777,5.139447212219238,2.611438689809857,1.534623803972105,1378.839628219604492
-1,843047,703,703.000000000000000,0.009490013122559,5.360610485076904,5.351120471954346,3.494994742771979,1.847049665342731,2456.981304168701172
-1,843187,56,56.000000000000000,0.445653915405273,5.996500968933105,5.550847053527832,3.413781749350684,1.410107279948036,191.171777963638306
-1,843188,16,16.000000000000000,0.956093788146973,2.378430366516113,1.422336578369141,1.690934300422668,0.355637463052796,27.054948806762695
-1,843192,4,4.000000000000000,0.308263301849365,2.482226848602295,2.173963546752930,1.436991691589355,0.924098214188481,5.747966766357422
-1,843194,762,762.000000000000000,0.033426761627197,6.237296581268311,6.203869819641113,2.710857866630154,1.356717521821310,2065.673694372177124
-1,843195,428,428.000000000000000,0.014865398406982,6.316152095794678,6.301286697387695,2.150589730137976,1.173556794624755,920.452404499053955
-1,843197,741,741.000000000000000,0.037923336029053,6.368145465850830,6.330222129821777,5.122507444438343,1.869702475606554,3795.778016328811646
-1,843198,412,412.000000000000000,0.015347003936768,5.071237564086914,5.055890560150146,1.510485547838859,1.209350449320599,622.320045709609985
-1,843204,352,352.000000000000000,0.133313655853271,6.168364048004150,6.035050392150879,4.852040227841247,1.886015496033047,1707.918160200119019
-1,843210,4,4.000000000000000,0.176747798919678,2.623525142669678,2.446777343750000,1.120891571044922,1.000212679156811,4.483566284179688
-1,843214,23,23.000000000000000,0.020879745483398,2.761332035064697,2.740452289581299,1.018467301907747,0.665043329229561,23.424747943878174
-1,843357,4,4.000000000000000,0.041965484619141,1.256406307220459,1.214440822601318,0.552290439605713,0.450429349439226,2.209161758422852
-1,843358,619,619.000000000000000,0.065323829650879,5.951761722564697,5.886437892913818,2.687641023241453,1.191823329866041,1663.649793386459351
-1,843364,45,45.000000000000000,0.344704151153564,5.329564094543457,4.984859943389893,3.461694415410359,1.277959545983122,155.776248693466187
-1,843408,108,108.000000000000000,0.020375728607178,4.402004241943359,4.381628513336182,1.602890292803447,1.196553076664765,173.112151622772217
-1,846573,720,720.000000000000000,0.007241249084473,6.516697406768799,6.509456157684326,3.225675682889090,1.922154187263013,2322.486491680145264
-1,846637,23,23.000000000000000,0.040989398956299,3.481700420379639,3.440711021423340,0.905492616736371,0.947514281047745,20.826330184936523
-1,846646,8,8.000000000000000,0.047412395477295,0.896524429321289,0.849112033843994,0.407096505165100,0.275172418892863,3.256772041320801
-1,846647,53,53.000000000000000,0.059107303619385,2.094357967376709,2.035250663757324,0.979243395463476,0.535769201462438,51.899899959564209
-1,846866,6,6.000000000000000,0.136856079101563,2.104876995086670,1.968020915985107,1.036355972290039,0.864874918552363,6.218135833740234
-1,846867,1,1.000000000000000,0.321377277374268,0.321377277374268,0.000000000000000,0.321377277374268,0.000000000000000,0.321377277374268
-1,846871,37,37.000000000000000,0.105808734893799,2.919157028198242,2.813348293304443,1.280576190432987,0.891150108544814,47.381319046020508
-1,846873,43,43.000000000000000,0.068677425384521,6.179508209228516,6.110830783843994,3.205493594324866,1.612879318509010,137.836224555969238
-1,846874,21,21.000000000000000,0.268236160278320,2.696288108825684,2.428051948547363,1.430916513715472,0.724535044696235,30.049246788024902
-1,846878,3,3.000000000000000,0.287899971008301,0.807546615600586,0.519646644592285,0.619650204976400,0.235270908637966,1.858950614929199
-1,846880,4,4.000000000000000,0.171504020690918,0.723713874816895,0.552209854125977,0.429168343544006,0.197327529645898,1.716673374176025
-1,846885,13,13.000000000000000,0.105145931243896,1.260666847229004,1.155520915985107,0.564252816713773,0.328913663739442,7.335286617279053
-1,846886,17,17.000000000000000,0.278695106506348,5.419869422912598,5.141174316406250,2.696045006022734,1.862722264708193,45.832765102386475
-1,846891,166,166.000000000000000,0.003545284271240,6.104915618896484,6.101370334625244,1.913276716887233,1.486575084613372,317.603935003280640
-1,846892,6,6.000000000000000,0.079693317413330,2.411788940429688,2.332095623016357,1.099568367004395,0.910834333832703,6.597410202026367
-1,846893,10508,10508.000000000000000,0.000209808349609,5.926035881042480,5.925826072692871,3.562707274097157,1.319430678474721,37436.928036212921143
-1,846900,24775,24775.000000000000000,0.002027988433838,6.559837818145752,6.557809829711914,4.088533924961187,0.946166139603776,101293.427990913391113
-1,846902,49,49.000000000000000,0.016373157501221,2.122347831726074,2.105974674224854,0.834648472922189,0.573289849517959,40.897775173187256
-1,846903,11,11.000000000000000,0.018764972686768,0.550201416015625,0.531436443328857,0.236644788221879,0.162855488869729,2.603092670440674
-1,846905,2249,2249.000000000000000,0.027956485748291,5.529043197631836,5.501086711883545,3.771416615570530,1.041549282934643,8481.915968418121338
-1,846906,832,832.000000000000000,2.095759391784668,4.907150268554688,2.811390876770020,2.659140531260234,0.573056566208950,2212.404922008514404
-1,846907,299,299.000000000000000,2.409615516662598,5.067255973815918,2.657640457153320,3.188523735888427,0.625096094825167,953.368597030639648
-1,846908,1270,1270.000000000000000,3.622060537338257,5.430826187133789,1.808765649795532,4.020670228117094,0.311711400632262,5106.251189708709717
-1,846909,1500,1500.000000000000000,0.032057762145996,5.437273979187012,5.405216217041016,3.917975074132284,0.963182174943935,5876.962611198425293
-1,846910,1644,1644.000000000000000,0.036979198455811,6.621573448181152,6.584594249725342,4.218255857481574,1.093408911966471,6934.812629699707031
-1,846911,1623,1623.000000000000000,0.012605667114258,6.649994850158691,6.637389183044434,4.543398173885146,1.217103657369568,7373.935236215591431
-1,846912,408,408.000000000000000,3.675151586532593,4.954858779907227,1.279707193374634,4.068974645114412,0.266974315938403,1660.141655206680298
-1,846913,5749,5749.000000000000000,0.005368709564209,6.730154037475586,6.724785327911377,3.995905499143960,0.777078714899828,22972.460714578628540
-1,846914,8537,8537.000000000000000,0.006062984466553,4.827432632446289,4.821369647979736,3.219096656089730,0.704163514765230,27481.428153038024902
-1,846915,3,3.000000000000000,0.412249088287354,0.883420467376709,0.471171379089355,0.613668282826742,0.198330809946548,1.841004848480225
-1,846921,174,174.000000000000000,0.011715888977051,2.900530815124512,2.888814926147461,1.216574825089553,0.599246121312459,211.684019565582275
-1,847260,2,2.000000000000000,1.060991287231445,5.777175426483154,4.716184139251709,3.419083356857300,2.358092069625854,6.838166713714600
-1,847266,1102,1102.000000000000000,0.008661746978760,6.166557312011719,6.157895565032959,2.566285398391543,1.761162326857997,2828.046509027481079
-1,847267,2,2.000000000000000,1.298310279846191,1.888729095458984,0.590418815612793,1.593519687652588,0.295209407806396,3.187039375305176
-1,847297,4,4.000000000000000,0.662189483642578,4.811525821685791,4.149336338043213,2.640525579452515,1.516923910875306,10.562102317810059
-1,847427,2780,2780.000000000000000,0.004458904266357,6.401416778564453,6.396957874298096,3.208849237291076,1.299964206695285,8920.600879669189453
-1,847428,23,23.000000000000000,0.001423835754395,0.790021896362305,0.788598060607910,0.429363914158033,0.247389780988460,9.875370025634766
-1,847431,4142,4142.000000000000000,0.004257678985596,5.315073013305664,5.310815334320068,3.493183701813134,1.259851924895262,14468.766892910003662
-1,847432,956,956.000000000000000,0.016177177429199,4.772683143615723,4.756505966186523,3.780155077140201,1.125417358669957,3613.828253746032715
-1,847433,143,143.000000000000000,0.002831935882568,4.303253173828125,4.300421237945557,1.964274668193364,1.448043495906836,280.891277551651001
-1,847463,39,39.000000000000000,4.845953464508057,5.447352886199951,0.601399421691895,5.142129372327756,0.160465315640422,200.543045520782471
-1,847464,231,231.000000000000000,4.820692062377930,5.680684089660645,0.859992027282715,5.129526134177204,0.194297161284999,1184.920536994934082
-1,847465,402,402.000000000000000,4.679389476776123,6.576363086700439,1.896973609924316,5.234349012374878,0.290537902818672,2104.208302974700928
-1,847466,2194,2194.000000000000000,0.095386028289795,6.683447360992432,6.588061332702637,4.629209293054252,0.947530525545741,10156.485188961029053
-1,847467,619,619.000000000000000,2.311098098754883,6.139294147491455,3.828196048736572,3.493300999501217,0.721748670499782,2162.353318691253662
-1,847468,546,546.000000000000000,2.144390106201172,4.067943572998047,1.923553466796875,2.730145435193519,0.360395739530047,1490.659407615661621
-1,847469,7,7.000000000000000,4.969801425933838,5.273420333862305,0.303618907928467,5.122950077056885,0.102174073817595,35.860650539398193
-1,847470,970,970.000000000000000,0.004237174987793,6.146131038665771,6.141893863677979,4.110542384127981,1.639844929091339,3987.226112604141235
-1,847471,83,83.000000000000000,4.642291545867920,5.511204719543457,0.868913173675537,4.956690276961729,0.184678475193152,411.405292987823486
-1,847472,3314,3314.000000000000000,0.031966209411621,6.378689765930176,6.346723556518555,4.683618183947502,0.919902488758592,15521.510661602020264
-1,847473,645,645.000000000000000,0.011464595794678,6.040774345397949,6.029309749603271,3.884509891317796,1.435397252282422,2505.508879899978638
-1,847478,1064,1064.000000000000000,0.002046585083008,5.526834011077881,5.524787425994873,3.358694416239746,1.324143496683958,3573.650858879089355
-1,865663,2753,2753.000000000000000,0.000083923339844,0.904252529144287,0.904168605804443,0.398420936100880,0.201937773274840,1096.852837085723877
-1,867430,496,496.000000000000000,0.039513111114502,1.074825286865234,1.035312175750732,0.797429538542225,0.149999004968612,395.525051116943359
-1,868314,3185,3185.000000000000000,0.000738143920898,0.967171192169189,0.966433048248291,0.320851387221547,0.231293377756634,1021.911668300628662
-1,872400,11078,11078.000000000000000,0.000537872314453,6.949768543243408,6.949230670928955,1.964267311683306,1.172489366037726,21760.153278827667236
-1,872401,1339,1339.000000000000000,0.001843452453613,3.459726333618164,3.457882881164551,1.058887027287501,0.782563463999163,1417.849729537963867
-1,872403,770544,770544.000000000000000,0.000052452087402,7.138779163360596,7.138726711273193,3.022366763203987,1.125849933867417,2328866.575186252593994
-1,872406,219301,219301.000000000000000,0.000030040740967,5.549280643463135,5.549250602722168,1.498978485773582,1.113173298006123,328727.480908632278442
-1,872407,933,933.000000000000000,0.001097679138184,3.276579380035400,3.275481700897217,0.802470305852696,0.444539836255642,748.704795360565186
-1,872408,27,27.000000000000000,0.008703708648682,0.381685256958008,0.372981548309326,0.176358947047481,0.103129743193923,4.761691570281982
-1,872409,5228,5228.000000000000000,0.000055313110352,3.775448799133301,3.775393486022949,2.046218195122075,1.089667087504332,10697.628724098205566
-1,872410,513660,513660.000000000000000,0.000004768371582,6.797032833099365,6.797028064727783,1.870728901840559,1.092497229081183,960918.607719421386719
-1,872411,1770,1770.000000000000000,0.000878334045410,1.194104671478271,1.193226337432861,0.443677229531067,0.292130890202447,785.308696269989014
-1,872412,134832,134832.000000000000000,0.000030517578125,6.317837238311768,6.317806720733643,0.890520950114230,0.605323090337688,120070.720745801925659
-1,872429,249,249.000000000000000,0.033668518066406,6.775753974914551,6.742085456848145,5.756839714854596,1.832566737703867,1433.453088998794556
-1,872430,285,285.000000000000000,0.022745609283447,6.775753974914551,6.753008365631104,5.676299752687153,1.877785928396578,1617.745429515838623
-1,872431,396,396.000000000000000,0.037531375885010,6.789789199829102,6.752257823944092,5.553534322314793,1.921041288870485,2199.199591636657715
-1,872432,388,388.000000000000000,0.005300045013428,6.777393341064453,6.772093296051025,5.253148216562173,2.113589839589862,2038.221508026123047
-1,872433,263,263.000000000000000,0.009993553161621,6.863032817840576,6.853039264678955,5.465041103471822,1.953191739895259,1437.305810213088989
-1,872434,158,158.000000000000000,0.092347621917725,6.742953777313232,6.650606155395508,5.707074663307093,1.900267553995666,901.717796802520752
-1,872435,70,70.000000000000000,0.452154636383057,6.742953777313232,6.290799140930176,5.623130379404341,1.908586995744281,393.619126558303833
-1,872436,115,115.000000000000000,0.076928138732910,6.742953777313232,6.666025638580322,5.502740376928578,1.874529329854330,632.815143346786499
-1,872437,186,186.000000000000000,0.348884105682373,6.742953777313232,6.394069671630859,5.409817789190559,1.955090343474718,1006.226108789443970
-1,872438,173,173.000000000000000,0.042804241180420,6.742953777313232,6.700149536132813,5.488203904532284,1.968347469707334,949.459275484085083
-1,872439,203,203.000000000000000,0.035031795501709,6.742953777313232,6.707921981811523,5.645053068405302,1.831565382974977,1145.945772886276245
-1,872440,195,195.000000000000000,0.025175094604492,6.742953777313232,6.717778682708740,5.640155485348823,1.855409428741837,1099.830319643020630
-1,872441,57,57.000000000000000,0.004657268524170,6.742953777313232,6.738296508789063,4.898182710011800,2.321386869112742,279.196414470672607
-1,872442,160,160.000000000000000,0.203780651092529,6.742953777313232,6.539173126220703,5.842886202037334,1.772279749989464,934.861792325973511
-1,872443,105,105.000000000000000,0.196774482727051,6.742953777313232,6.546179294586182,5.666025438762847,1.913921291281166,594.932671070098877
-1,872444,138,138.000000000000000,0.379970073699951,6.837796688079834,6.457826614379883,5.914536341376927,1.683588279979670,816.206015110015869
-1,872445,302,302.000000000000000,0.015128135681152,6.742953777313232,6.727825641632080,5.757139106459965,1.848272319629624,1738.656010150909424
-1,872446,371,371.000000000000000,0.010565757751465,6.883904933929443,6.873339176177979,5.799616510977321,1.823786230404928,2151.657725572586060
-1,872447,340,340.000000000000000,0.042340755462646,6.804566383361816,6.762225627899170,5.783564515674816,1.844430381181465,1966.411935329437256
-1,872448,152,152.000000000000000,0.155265808105469,6.739877700805664,6.584611892700195,5.419940675559797,2.066896616276332,823.830982685089111
-1,872449,142,142.000000000000000,0.182611465454102,6.819619178771973,6.637007713317871,5.665812646838980,1.875211471580416,804.545395851135254
-1,872450,117,117.000000000000000,0.042434692382813,6.793269634246826,6.750834941864014,5.477017647180801,1.921579349363855,640.811064720153809
-1,872451,105,105.000000000000000,0.020678043365479,6.738019943237305,6.717341899871826,5.222546690986270,2.142651315154847,548.367402553558350
-1,872452,96,96.000000000000000,0.109679698944092,6.738182544708252,6.628502845764160,5.356256636480491,2.001581085396848,514.200637102127075
-1,872453,66,66.000000000000000,0.075225830078125,6.739940643310547,6.664714813232422,4.209177591583946,2.206231895004740,277.805721044540405
-1,872454,401,401.000000000000000,0.011204719543457,6.825464725494385,6.814260005950928,5.065872087740244,2.162886364552674,2031.414707183837891
-1,872455,551,551.000000000000000,0.056906223297119,6.742953777313232,6.686047554016113,5.385356710956663,2.001130104644683,2967.331547737121582
-1,872456,495,495.000000000000000,0.013269901275635,6.742953777313232,6.729683876037598,5.804963082014912,1.747955052470857,2873.456725597381592
-1,872457,621,621.000000000000000,0.003913879394531,6.766221523284912,6.762307643890381,5.986360413632723,1.616916750782417,3717.529816865921021
-1,872458,136,136.000000000000000,0.172861099243164,6.742953777313232,6.570092678070068,5.527823490255019,2.026372266274144,751.783994674682617
-1,872459,144,144.000000000000000,0.019738197326660,6.877093791961670,6.857355594635010,5.732946286598842,1.819804180201037,825.544265270233154
-1,872460,121,121.000000000000000,0.026283264160156,6.742953777313232,6.716670513153076,5.559729796795805,1.888833485169842,672.727305412292480
-1,872461,160,160.000000000000000,0.230246543884277,6.749944210052490,6.519697666168213,5.770759482681751,1.805677258148887,923.321517229080200
-1,872462,94,94.000000000000000,0.097644329071045,6.799085617065430,6.701441287994385,5.390263643670590,2.013897711312369,506.684782505035400
-1,872463,81,81.000000000000000,0.086412429809570,6.746310234069824,6.659897804260254,4.865786749639629,2.138777979145513,394.128726720809937
-1,872464,377,377.000000000000000,0.088754177093506,6.742953777313232,6.654199600219727,5.199291938812094,2.089113105466845,1960.133060932159424
-1,872465,479,479.000000000000000,0.000802993774414,6.857359886169434,6.856556892395020,5.645652012436774,1.903948964930888,2704.267313957214355
-1,872470,154,154.000000000000000,0.149725914001465,6.775753974914551,6.626028060913086,4.899327973266701,2.199580557557860,754.496507883071899
-1,872471,596,596.000000000000000,0.010289192199707,6.775753974914551,6.765464782714844,5.634740695057300,1.888121149989374,3358.305454254150391
-1,872472,388,388.000000000000000,0.042443752288818,6.777639865875244,6.735196113586426,5.213363754380610,2.086850777249684,2022.785136699676514
-1,872473,295,295.000000000000000,0.005310058593750,6.775753974914551,6.770443916320801,5.772361706879179,1.861391204610171,1702.846703529357910
-1,872474,218,218.000000000000000,0.213072776794434,6.775753974914551,6.562681198120117,5.675520616933840,1.908870766331201,1237.263494491577148
-1,872475,99,99.000000000000000,0.051883220672607,6.775753974914551,6.723870754241943,5.656067860246909,1.942055155063493,559.950718164443970
-1,872476,160,160.000000000000000,0.047814369201660,6.775753974914551,6.727939605712891,4.739346309006214,2.180890191770258,758.295409440994263
-1,872477,1230,1230.000000000000000,0.018178462982178,6.775753974914551,6.757575511932373,5.208957784350326,2.086239200283848,6407.018074750900269
-1,872478,121,121.000000000000000,0.028790473937988,6.772781372070313,6.743990898132324,5.419306561966573,2.086155669971709,655.736093997955322
-1,872479,116,116.000000000000000,0.105977058410645,6.774118900299072,6.668141841888428,5.631230288538440,1.963805393985705,653.222713470458984
-1,872480,77,77.000000000000000,0.097304344177246,6.774771213531494,6.677466869354248,5.087278892467548,2.117763907397334,391.720474720001221
-1,872481,289,289.000000000000000,0.293844223022461,6.774993896484375,6.481149673461914,5.487688928326933,1.896608656280526,1585.942100286483765
-1,872482,366,366.000000000000000,0.053713321685791,6.775753974914551,6.722040653228760,5.705027853204904,1.816390928179738,2088.040194272994995
-1,872483,655,655.000000000000000,0.005396366119385,6.775753974914551,6.770357608795166,5.969830481696675,1.609810786159093,3910.238965511322021
-1,872484,388,388.000000000000000,0.078301906585693,6.775753974914551,6.697452068328857,5.629357470065048,1.853917166264807,2184.190698385238647
-1,872485,110,110.000000000000000,0.032573699951172,6.775753974914551,6.743180274963379,5.349317997152155,2.152652817006328,588.424979686737061
-1,872486,120,120.000000000000000,0.164843559265137,6.775753974914551,6.610910415649414,5.876416055361430,1.807498975139526,705.169926643371582
-1,872487,160,160.000000000000000,0.303046703338623,6.775753974914551,6.472707271575928,6.012333159148693,1.628145839089718,961.973305463790894
-1,872488,114,114.000000000000000,0.123079776763916,6.775753974914551,6.652674198150635,5.808558436862209,1.862323626482532,662.175661802291870
-1,872489,93,93.000000000000000,0.138768672943115,6.775753974914551,6.636985301971436,5.623956139369677,1.914076781450250,523.027920961380005
-1,872490,91,91.000000000000000,0.243804454803467,6.775753974914551,6.531949520111084,5.163968738618788,2.003312051117085,469.921155214309692
-1,872491,130,130.000000000000000,0.337559223175049,6.775753974914551,6.438194751739502,5.193862271308899,2.022487691862385,675.202095270156860
-1,872492,332,332.000000000000000,0.049967288970947,6.775753974914551,6.725786685943604,5.624490518885922,1.768606850765055,1867.330852270126343
-1,872493,455,455.000000000000000,0.016636848449707,6.775753974914551,6.759117126464844,5.563402303758559,1.941173636130663,2531.348048210144043
-1,872494,616,616.000000000000000,0.009118556976318,6.870735168457031,6.861616611480713,5.781567715979242,1.751856000054447,3561.445713043212891
-1,872495,502,502.000000000000000,0.147294998168945,6.780310153961182,6.633015155792236,5.606567959386514,1.924061640432563,2814.497115612030029
-1,872496,160,160.000000000000000,0.016406059265137,6.775753974914551,6.759347915649414,5.341746790707111,2.052017905565711,854.679486513137817
-1,872497,112,112.000000000000000,0.038838386535645,6.775753974914551,6.736915588378906,4.954726847154753,2.125303934959248,554.929406881332397
-1,872498,116,116.000000000000000,0.008275032043457,6.857183933258057,6.848908901214600,5.487897085732427,2.027627033398970,636.596061944961548
-1,872499,135,135.000000000000000,0.010216236114502,6.825293064117432,6.815076828002930,5.586640861299303,2.030600055465901,754.196516275405884
-1,872500,134,134.000000000000000,0.002363681793213,6.869295597076416,6.866931915283203,5.840357063421562,1.790599825009242,782.607846498489380
-1,872501,130,130.000000000000000,0.155210494995117,6.775753974914551,6.620543479919434,5.787488977725689,1.825318303627578,752.373567104339600
-1,872502,112,112.000000000000000,0.057456016540527,6.775753974914551,6.718297958374023,5.167205606188093,2.180379983164284,578.727027893066406
-1,872503,517,517.000000000000000,0.070742607116699,6.775753974914551,6.705011367797852,5.382673513497329,2.133440636286002,2782.842206478118896
-1,872504,712,712.000000000000000,0.005419731140137,6.775753974914551,6.770334243774414,5.792213338814425,1.833266016491782,4124.055897235870361
-1,872505,65,65.000000000000000,0.049746990203857,6.771989345550537,6.722242355346680,5.307247495651245,2.040376108609841,344.971087217330933
-1,872506,168,168.000000000000000,0.960846424102783,6.771887779235840,5.811041355133057,5.209375531900497,2.026283984486223,875.175089359283447
-1,872507,176,176.000000000000000,0.021870136260986,6.771530628204346,6.749660491943359,5.373024566607042,1.894790079686762,945.652323722839355
-1,872508,180,180.000000000000000,0.043203830718994,6.771145343780518,6.727941513061523,5.410423284106784,1.914506529745010,973.876191139221191
-1,872509,198,198.000000000000000,0.026567459106445,6.793665409088135,6.767097949981689,5.169279859523581,2.224473377523028,1023.517412185668945
-1,872510,196,196.000000000000000,0.041758537292480,6.800348758697510,6.758590221405029,5.109256996183979,2.220660592105668,1001.414371252059937
-1,872511,183,183.000000000000000,0.585554599761963,6.799625396728516,6.214070796966553,5.504695238311434,1.939056826393757,1007.359228610992432
-1,872512,192,192.000000000000000,0.768591403961182,6.799403190612793,6.030811786651611,5.630292162299156,1.799082308651903,1081.016095161437988
-1,872513,185,185.000000000000000,0.262115001678467,6.799485206604004,6.537370204925537,5.383909507699915,2.006429829875505,996.023258924484253
-1,872514,208,208.000000000000000,0.067257404327393,6.799804687500000,6.732547283172607,5.338590547442436,2.086583028142562,1110.426833868026733
-1,872515,190,190.000000000000000,0.203479290008545,6.800042152404785,6.596562862396240,5.461531332919472,2.024500906719544,1037.690953254699707
-1,872516,190,190.000000000000000,0.200661659240723,6.800042152404785,6.599380493164063,5.734364229754398,1.870908378422902,1089.529203653335571
-1,872517,207,207.000000000000000,0.048070907592773,6.800042152404785,6.751971244812012,5.612609206766322,1.943354871474205,1161.810105800628662
-1,872518,31,31.000000000000000,0.001575469970703,2.460412502288818,2.458837032318115,1.158903875658589,0.696920381788980,35.926020145416260
-1,872519,463,463.000000000000000,0.013573169708252,6.800042152404785,6.786468982696533,5.207609578806175,2.183358279524224,2411.123234987258911
-1,872656,5341,5341.000000000000000,0.004469871520996,6.775753974914551,6.771284103393555,6.388680903122814,1.254826118250899,34121.944703578948975
-1,872855,11721,11721.000000000000000,0.006773948669434,6.801263809204102,6.794489860534668,6.614865562023029,0.829570486071001,77532.839252471923828
-1,872874,91,91.000000000000000,0.023928165435791,3.076746463775635,3.052818298339844,1.159811255696056,0.748973616132411,105.542824268341064
-1,872921,4406,4406.000000000000000,0.003625869750977,6.801007270812988,6.797381401062012,6.350421844478959,1.369791110821094,27979.958646774291992
-1,873134,68,68.000000000000000,0.010630607604980,4.818486213684082,4.807855606079102,2.326524289215312,1.430368404452567,158.203651666641235
-1,873135,39,39.000000000000000,0.038649559020996,6.155556201934814,6.116906642913818,2.899737651531513,1.685480151128332,113.089768409729004
-1,873136,39,39.000000000000000,0.051682472229004,4.852026939392090,4.800344467163086,2.274530875377166,1.395684584023698,88.706704139709473
-1,873137,43,43.000000000000000,0.371499538421631,5.744368076324463,5.372868537902832,2.252974609995997,1.581870014748896,96.877908229827881
-1,873138,4,4.000000000000000,0.073059082031250,0.382113456726074,0.309054374694824,0.267488002777100,0.120361676096270,1.069952011108398
-1,873140,22,22.000000000000000,0.005147933959961,2.579913616180420,2.574765682220459,1.024231932379983,0.771809595526237,22.533102512359619
-1,873141,37,37.000000000000000,0.552468776702881,3.680697917938232,3.128229141235352,1.804849353996483,0.936749653827857,66.779426097869873
-1,873142,21,21.000000000000000,0.679603099822998,1.140383243560791,0.460780143737793,0.978707631429036,0.099346140156124,20.552860260009766
-1,873143,24,24.000000000000000,0.182558059692383,1.194795608520508,1.012237548828125,0.703603823979696,0.298225563132680,16.886491775512695
-1,873144,42,42.000000000000000,0.032696723937988,2.456209182739258,2.423512458801270,1.138609136853899,0.778208075769072,47.821583747863770
-1,873145,34,34.000000000000000,0.028318881988525,3.182540893554688,3.154222011566162,1.168085687300738,0.767650950097039,39.714913368225098
-1,873146,84,84.000000000000000,0.014157772064209,5.943936347961426,5.929778575897217,2.906147860345386,1.626213632753806,244.116420269012451
-1,873147,3,3.000000000000000,0.153921604156494,1.019320011138916,0.865398406982422,0.461374123891195,0.395212007305732,1.384122371673584
-1,873164,19,19.000000000000000,0.000265598297119,1.731702804565430,1.731437206268311,0.609326111642938,0.474256522025054,11.577196121215820
-1,873165,22,22.000000000000000,0.235443115234375,1.477445602416992,1.242002487182617,0.912169196388938,0.311420908068375,20.067722320556641
-1,873166,22,22.000000000000000,0.124094486236572,2.511657238006592,2.387562751770020,1.101029959591952,0.671385666391944,24.222659111022949
-1,873169,1,1.000000000000000,0.010283946990967,0.010283946990967,0.000000000000000,0.010283946990967,0.000000000000000,0.010283946990967
-1,873184,48,48.000000000000000,0.082472324371338,3.680645465850830,3.598173141479492,2.017476066946983,1.042121035553375,96.838851213455200
-1,873185,72,72.000000000000000,0.358669757843018,4.129384994506836,3.770715236663818,2.257424526744419,1.357220647692912,162.534565925598145
-1,873186,72,72.000000000000000,0.279044628143311,4.159002780914307,3.879958152770996,2.227163857883877,1.370490889957361,160.355797767639160
-1,873187,76,76.000000000000000,0.178017139434814,4.217709541320801,4.039692401885986,2.336963371226662,1.321167097489118,177.609216213226318
-1,873188,85001,85001.000000000000000,0.000780582427979,6.884970664978027,6.884190082550049,6.336276866844380,1.255154663033683,538589.869958639144897
-1,873189,1,1.000000000000000,0.430686950683594,0.430686950683594,0.000000000000000,0.430686950683594,0.000000000000000,0.430686950683594
-1,873194,5,5.000000000000000,0.127489566802979,0.455502510070801,0.328012943267822,0.360106182098389,0.119000444454419,1.800530910491943
-1,873195,4,4.000000000000000,0.238541126251221,0.373235702514648,0.134694576263428,0.284387707710266,0.054558470164270,1.137550830841064
-1,873200,3,3.000000000000000,0.046837806701660,0.730711936950684,0.683874130249023,0.301272710164388,0.305385921300049,0.903818130493164
-1,873201,1,1.000000000000000,0.292657375335693,0.292657375335693,0.000000000000000,0.292657375335693,0.000000000000000,0.292657375335693
-1,873202,1,1.000000000000000,0.186644077301025,0.186644077301025,0.000000000000000,0.186644077301025,0.000000000000000,0.186644077301025
-1,873203,2,2.000000000000000,0.032473087310791,0.130811691284180,0.098338603973389,0.081642389297485,0.049169301986694,0.163284778594971
-1,873204,6,6.000000000000000,0.009745597839355,0.948497295379639,0.938751697540283,0.377949476242065,0.362224787235375,2.267696857452393
-1,873207,19,19.000000000000000,0.179737567901611,1.141731739044189,0.961994171142578,0.734251950916491,0.241417533558488,13.950787067413330
-1,873208,11,11.000000000000000,0.041421413421631,1.364358425140381,1.322937011718750,1.085247820073908,0.343449926416809,11.937726020812988
-1,873209,17,17.000000000000000,0.157863616943359,1.979169845581055,1.821306228637695,1.245720358455882,0.460406995325792,21.177246093750000
-1,873210,9,9.000000000000000,0.135690689086914,1.087907791137695,0.952217102050781,0.681487189398872,0.317366450871987,6.133384704589844
-1,873211,6,6.000000000000000,0.017667770385742,0.324709892272949,0.307042121887207,0.121414740880330,0.111093458905824,0.728488445281982
-1,873212,5,5.000000000000000,0.019439697265625,0.426692962646484,0.407253265380859,0.215189838409424,0.137205446945285,1.075949192047119
-1,873213,8,8.000000000000000,0.006946563720703,0.264894008636475,0.257947444915771,0.117341041564941,0.095093631960607,0.938728332519531
-1,873217,4,4.000000000000000,0.054026126861572,0.422796726226807,0.368770599365234,0.246605277061462,0.130739141985493,0.986421108245850
-1,873218,2,2.000000000000000,0.241657733917236,0.268013954162598,0.026356220245361,0.254835844039917,0.013178110122681,0.509671688079834
-1,873220,14,14.000000000000000,0.216370582580566,1.459024429321289,1.242653846740723,0.566240549087524,0.340914513715109,7.927367687225342
-1,873221,16,16.000000000000000,0.017470836639404,1.953324317932129,1.935853481292725,1.006680101156235,0.584919512746931,16.106881618499756
-1,873222,13,13.000000000000000,0.161400794982910,1.964105606079102,1.802704811096191,1.090211904965914,0.511032945957516,14.172754764556885
-1,873223,7,7.000000000000000,0.025883197784424,0.786788463592529,0.760905265808105,0.513981955392020,0.257550150883692,3.597873687744141
-1,873224,38,38.000000000000000,0.039739608764648,4.126437664031982,4.086698055267334,1.484155429036994,1.061312615334503,56.397906303405762
-1,873225,7,7.000000000000000,0.020146369934082,1.702778816223145,1.682632446289063,0.576923370361328,0.693366751921522,4.038463592529297
-1,873226,15,15.000000000000000,0.330518245697021,1.375905990600586,1.045387744903564,0.933760229746501,0.329453652822247,14.006403446197510
-1,873227,9,9.000000000000000,0.028226375579834,1.540523529052734,1.512297153472900,0.836243417527941,0.495922380854790,7.526190757751465
-1,873228,3,3.000000000000000,0.041134357452393,0.414883613586426,0.373749256134033,0.229656060536702,0.152600273445634,0.688968181610107
-1,873232,4,4.000000000000000,0.064167499542236,0.792475700378418,0.728308200836182,0.311194062232971,0.282888726395828,1.244776248931885
-1,873234,2,2.000000000000000,0.008194446563721,0.123027324676514,0.114832878112793,0.065610885620117,0.057416439056396,0.131221771240234
-1,873237,32,32.000000000000000,0.020215988159180,3.843378543853760,3.823162555694580,1.595833629369736,1.004401546724081,51.066676139831543
-1,873238,40,40.000000000000000,0.028977394104004,4.219632148742676,4.190654754638672,1.922699552774429,1.257401380459677,76.907982110977173
-1,873239,44,44.000000000000000,0.093813896179199,5.239159584045410,5.145345687866211,2.644827777689153,1.500692350776797,116.372422218322754
-1,873240,10,10.000000000000000,0.339080333709717,2.243462562561035,1.904382228851318,1.192493581771850,0.749819942948452,11.924935817718506
-1,873241,12,12.000000000000000,0.324416637420654,3.416532516479492,3.092115879058838,1.629328449567159,0.984498232794742,19.551941394805908
-1,873243,11,11.000000000000000,0.016648769378662,3.212277412414551,3.195628643035889,1.545402526855469,1.111755563118843,16.999427795410156
-1,873244,26,26.000000000000000,0.012326717376709,3.517799377441406,3.505472660064697,1.397291220151461,1.011786085448450,36.329571723937988
-1,873255,20,20.000000000000000,0.100352287292480,2.358101844787598,2.257749557495117,0.977918243408203,0.606790858801724,19.558364868164063
-1,873256,26,26.000000000000000,0.079911708831787,2.347703933715820,2.267792224884033,1.257129669189453,0.698223442307721,32.685371398925781
-1,873257,22,22.000000000000000,0.010033130645752,2.223623275756836,2.213590145111084,0.909930792721835,0.593843394985939,20.018477439880371
-1,873258,7,7.000000000000000,0.057629585266113,1.506091117858887,1.448461532592773,0.781228337969099,0.458530026979539,5.468598365783691
-1,873338,6,6.000000000000000,0.032864570617676,0.981844425201416,0.948979854583740,0.525778134663900,0.392605397651317,3.154668807983398
-1,873340,1,1.000000000000000,0.869322299957275,0.869322299957275,0.000000000000000,0.869322299957275,0.000000000000000,0.869322299957275
-1,873341,6,6.000000000000000,0.011666297912598,0.673248767852783,0.661582469940186,0.282759428024292,0.223529312771935,1.696556568145752
-1,873342,5,5.000000000000000,0.091711044311523,0.599632740020752,0.507921695709229,0.262832832336426,0.178981736087131,1.314164161682129
-1,873343,18,18.000000000000000,0.086556434631348,2.334805965423584,2.248249530792236,1.111292362213135,0.616167020291889,20.003262519836426
-1,873344,13,13.000000000000000,0.020446300506592,1.509933948516846,1.489487648010254,0.798254930056058,0.438211861768638,10.377314090728760
-1,873345,1,1.000000000000000,0.157258987426758,0.157258987426758,0.000000000000000,0.157258987426758,0.000000000000000,0.157258987426758
-1,873355,289,289.000000000000000,0.001588821411133,5.594209194183350,5.592620372772217,2.771333822329564,1.550041539696957,800.915474653244019
-1,874177,1172,1172.000000000000000,0.006199836730957,1.968953609466553,1.962753772735596,1.594043015213143,0.306560138608251,1868.218413829803467
-1,874213,41,41.000000000000000,0.036070346832275,3.213686466217041,3.177616119384766,1.709321626802770,0.983635013409173,70.082186698913574
-1,874401,64,64.000000000000000,0.015529155731201,2.156122207641602,2.140593051910400,1.711637675762177,0.609630061804070,109.544811248779297
-1,874402,117,117.000000000000000,0.193586349487305,2.221353530883789,2.027767181396484,1.813630038856441,0.545978218133746,212.194714546203613
-1,874403,58,58.000000000000000,0.050835609436035,2.235643863677979,2.184808254241943,1.508287955974710,0.682862467920160,87.480701446533203
-1,874496,12,12.000000000000000,0.069151401519775,2.230918884277344,2.161767482757568,1.042426745096843,0.589930687450822,12.509120941162109
-1,874567,210,210.000000000000000,0.059656143188477,2.017574310302734,1.957918167114258,1.399940009344192,0.577206514350320,293.987401962280273
-1,874608,650,650.000000000000000,0.030466556549072,1.960891723632813,1.930425167083740,1.751311613229605,0.282914167429931,1138.352548599243164
-1,874691,3234,3234.000000000000000,0.001180648803711,1.423803329467773,1.422622680664063,0.969541936578320,0.273242649076419,3135.498622894287109
-1,874740,1822,1822.000000000000000,0.011680126190186,1.753427505493164,1.741747379302979,1.293299052901116,0.307162349096381,2356.390874385833740
-1,875240,27,27.000000000000000,0.004768848419189,3.529211521148682,3.524442672729492,1.807070626152886,1.230526036847809,48.790906906127930
-1,875499,40,40.000000000000000,0.001968383789063,3.491182327270508,3.489213943481445,0.402312088012695,0.831297792257066,16.092483520507813
-1,875502,1006,1006.000000000000000,0.000261306762695,0.998470306396484,0.998208999633789,0.099210600729728,0.069724408346659,99.805864334106445
-1,876784,482,482.000000000000000,0.022754669189453,3.606364250183105,3.583609580993652,2.079326993696917,0.981784614844859,1002.235610961914063
-1,876787,880,880.000000000000000,0.066782474517822,3.951256513595581,3.884474039077759,2.858209369941191,0.973331066905635,2515.224245548248291
-1,877497,58,58.000000000000000,0.002373218536377,3.670875310897827,3.668502092361450,1.325155336281349,0.968681063863061,76.859009504318237
-1,877521,2107,2107.000000000000000,0.000160217285156,1.189748287200928,1.189588069915771,0.545356614701715,0.328889751104755,1149.066387176513672
-1,877526,7523,7523.000000000000000,0.000123023986816,6.770194053649902,6.770071029663086,1.192939677042608,1.621122096289837,8974.485190391540527
-1,877539,262,262.000000000000000,0.000513553619385,1.409771919250488,1.409258365631104,0.747987022836700,0.321753322559334,195.972599983215332
-1,877540,263147,263147.000000000000000,0.000049591064453,6.902664661407471,6.902615070343018,2.882860261629708,1.111216161927741,758616.029267072677612
-1,877541,3567,3567.000000000000000,0.006283760070801,11.290917396545410,11.284633636474609,5.438565799024949,4.442865684637806,19399.364205121994019
-1,877590,209083,209083.000000000000000,0.000001430511475,6.864779472351074,6.864778041839600,1.526775570338779,1.443801507195842,319222.816573143005371
-1,877600,19,19.000000000000000,0.230200767517090,2.247121334075928,2.016920566558838,1.274451356185110,0.679190734816109,24.214575767517090
-1,877602,3296,3296.000000000000000,0.000782012939453,5.637631416320801,5.636849403381348,2.257019890815888,1.157138942925618,7439.137560129165649
-1,877608,15929,15929.000000000000000,0.000817775726318,6.660623550415039,6.659805774688721,3.254330595197168,1.572864349340496,51838.232050895690918
-1,877610,249,249.000000000000000,0.039701938629150,5.816100597381592,5.776398658752441,3.587714790819160,1.761515124007654,893.340982913970947
-1,877611,13821,13821.000000000000000,0.000029563903809,6.709929943084717,6.709900379180908,3.405404664666079,1.275843303452660,47066.097870349884033
-1,877613,135,135.000000000000000,0.034077644348145,5.778052330017090,5.743974685668945,3.152330446243286,1.879319653974697,425.564610242843628
-1,878795,27032,27032.000000000000000,0.000001907348633,7.029144763946533,7.029142856597900,1.745569273013623,1.712255160104333,47186.228588104248047
-1,878811,73993,73993.000000000000000,0.000235080718994,6.238264083862305,6.238029003143311,3.421669642650378,2.084368813540467,253179.601868629455566
-1,878815,10,10.000000000000000,0.024245738983154,0.775343894958496,0.751098155975342,0.272271919250488,0.218937361174847,2.722719192504883
-1,878816,11773,11773.000000000000000,0.000036239624023,5.194020271301270,5.193984031677246,3.440772884351561,1.589556074448550,40508.219167470932007
-1,878817,33864,33864.000000000000000,0.000449657440186,6.259741783142090,6.259292125701904,3.949506396643805,1.870284259171343,133746.084615945816040
-1,878818,796009,796009.000000000000000,0.000056743621826,7.179579257965088,7.179522514343262,5.141853270762030,1.308586173250538,4092961.480206012725830
-1,878819,107084,107084.000000000000000,0.000185966491699,6.264139175415039,6.263953208923340,3.004208086068725,1.505583908382465,321702.618688583374023
-1,878820,11465,11465.000000000000000,0.000201702117920,6.257740497589111,6.257538795471191,3.584239903111880,1.265684723150220,41093.310489177703857
-1,878822,30109,30109.000000000000000,0.000111579895020,5.278771877288818,5.278660297393799,1.628085376582145,1.162601373102506,49020.022603511810303
-1,878832,21,21.000000000000000,0.144828319549561,0.977957725524902,0.833129405975342,0.581658703940255,0.242013923202806,12.214832782745361
-1,878833,33134,33134.000000000000000,0.000266075134277,3.394001007080078,3.393734931945801,0.747340596002107,0.464487248970125,24762.383307933807373
-1,878834,747,747.000000000000000,0.002609729766846,1.863880634307861,1.861270904541016,0.584671326270863,0.320774652560488,436.749480724334717
-1,878841,77,77.000000000000000,0.028913021087646,4.449620723724365,4.420707702636719,1.307542246657533,1.092164978868736,100.680752992630005
-1,878843,844,844.000000000000000,0.012292385101318,5.405158996582031,5.392866611480713,3.775295992033176,1.655001773901478,3186.349817276000977
-1,878844,45159,45159.000000000000000,0.000187873840332,7.335900306701660,7.335712432861328,1.785623090715256,2.069832996652188,80636.953153610229492
-1,878845,1938,1938.000000000000000,0.000391483306885,3.080059528350830,3.079668045043945,0.883687038539733,0.549470310238143,1712.585480690002441
-1,878846,95,95.000000000000000,0.001250267028809,3.165266990661621,3.164016723632813,2.191174472005744,0.776265584981897,208.161574840545654
-1,878847,103,103.000000000000000,0.007453441619873,3.647694349288940,3.640240907669067,2.441696097549883,0.950738490061081,251.494698047637939
-1,878848,104,104.000000000000000,0.178909778594971,3.966392993927002,3.787483215332031,2.544860596840198,0.827312279790008,264.665502071380615
-1,878849,67,67.000000000000000,0.065495491027832,3.830825328826904,3.765329837799072,2.476248833670545,1.043479909455750,165.908671855926514
-1,878850,77,77.000000000000000,0.273656845092773,3.736532449722290,3.462875604629517,2.634309161793102,0.891623869292679,202.841805458068848
-1,878851,68,68.000000000000000,0.258604049682617,3.651519298553467,3.392915248870850,2.567098382641287,0.907849857431725,174.562690019607544
-1,878852,60,60.000000000000000,0.293973445892334,3.632530689239502,3.338557243347168,2.517234289646149,0.873684032075599,151.034057378768921
-1,878853,85,85.000000000000000,0.044837951660156,3.854583501815796,3.809745550155640,1.928116259855382,1.036819728845621,163.889882087707520
-1,878854,90,90.000000000000000,0.006348609924316,3.162502765655518,3.156154155731201,2.134943172666762,0.885395649761307,192.144885540008545
-1,878855,29,29.000000000000000,0.071230888366699,2.233007431030273,2.161776542663574,0.884864708472943,0.733052978860518,25.661076545715332
-1,878856,76,76.000000000000000,0.024781227111816,2.707885742187500,2.683104515075684,1.325899588434320,0.751813295646147,100.768368721008301
-1,878857,70,70.000000000000000,0.039692401885986,3.150083065032959,3.110390663146973,2.219733354023525,0.755716132147866,155.381334781646729
-1,878858,23,23.000000000000000,0.116806507110596,2.424561023712158,2.307754516601563,0.855218555616296,0.570435031755201,19.670026779174805
-1,878859,71,71.000000000000000,0.083619117736816,2.833852291107178,2.750233173370361,1.859211290386361,0.789988351909791,132.004001617431641
-1,878923,1433,1433.000000000000000,0.000058650970459,3.696317434310913,3.696258783340454,0.860505116709611,1.006618876986917,1233.103832244873047
-1,878932,7507,7507.000000000000000,0.000072002410889,3.614804983139038,3.614732980728149,0.582653915991681,0.831325307343911,4373.982947349548340
-1,878936,9,9.000000000000000,0.016348361968994,0.553184986114502,0.536836624145508,0.212304486168755,0.162960295746937,1.910740375518799
-1,878937,62590,62590.000000000000000,0.000172615051270,7.404351234436035,7.404178619384766,6.278088115727793,1.750137681034257,392945.535163402557373
-1,878938,2861,2861.000000000000000,0.004414558410645,6.794579029083252,6.790164470672607,4.861118101398664,1.889339714197392,13907.658888101577759
-1,878940,3007,3007.000000000000000,0.000836849212646,5.780617713928223,5.779780864715576,3.082456671363062,1.568446929221204,9268.947210788726807
-1,878952,79,79.000000000000000,0.046896934509277,3.898450136184692,3.851553201675415,1.486954082416583,0.982720717075361,117.469372510910034
-1,878953,86,86.000000000000000,0.047959804534912,5.345478057861328,5.297518253326416,2.548062166502310,1.497058103671128,219.133346319198608
-1,878954,52,52.000000000000000,0.051556110382080,2.602728843688965,2.551172733306885,1.135567362491901,0.691075512165541,59.049502849578857
-1,878955,93,93.000000000000000,0.026399135589600,2.586381912231445,2.559982776641846,1.350029319845220,0.731627910387838,125.552726745605469
-1,878956,34,34.000000000000000,0.006700992584229,1.072164058685303,1.065463066101074,0.542399588753195,0.274308301919889,18.441586017608643
-1,878957,62,62.000000000000000,0.031445980072021,4.743158340454102,4.711712360382080,1.555834881721004,1.254148163957740,96.461762666702271
-1,878962,171,171.000000000000000,0.003774166107178,7.311547756195068,7.307773590087891,5.538068042163960,2.022899815755526,947.009635210037231
-1,878969,63,63.000000000000000,0.075828552246094,1.643880844116211,1.568052291870117,0.833429033794100,0.369328058574164,52.506029129028320
-1,878970,98,98.000000000000000,0.099168300628662,2.579001426696777,2.479833126068115,1.679567585186083,0.591595679727240,164.597623348236084
-1,878971,210,210.000000000000000,0.008734703063965,2.945909976959229,2.937175273895264,1.735237907228016,0.526575012243138,364.399960517883301
-1,878972,594,594.000000000000000,0.009109497070313,3.883220434188843,3.874110937118530,1.547118277662130,0.749889069234305,918.988256931304932
-1,878973,403,403.000000000000000,0.011041164398193,4.545146942138672,4.534105777740479,2.116834538746117,1.101944452664477,853.084319114685059
-1,878974,197,197.000000000000000,0.006271362304688,4.462783813476563,4.456512451171875,1.996949485110753,1.073734459575006,393.399048566818237
-1,878975,148,148.000000000000000,0.110474586486816,4.539771556854248,4.429296970367432,2.801045635262051,1.321697423288374,414.554754018783569
-1,878976,90,90.000000000000000,0.122551918029785,2.320308208465576,2.197756290435791,1.481885682211982,0.574671020792579,133.369711399078369
-1,878977,138,138.000000000000000,0.004794120788574,2.003925323486328,1.999131202697754,0.997491846913877,0.573713002785737,137.653874874114990
-1,878978,29,29.000000000000000,0.018499374389648,1.531465530395508,1.512966156005859,0.763321317475418,0.362266804142817,22.136318206787109
-1,878979,74,74.000000000000000,0.004393100738525,1.818825244903564,1.814432144165039,1.114680966815433,0.443489637377933,82.486391544342041
-1,878980,402,402.000000000000000,0.010654926300049,7.322279930114746,7.311625003814697,5.097211765412667,2.277672450023657,2049.079129695892334
-1,878981,1164,1164.000000000000000,0.002688884735107,7.305636405944824,7.302947521209717,2.328716802842838,1.842571322073412,2710.626358509063721
-1,878982,40,40.000000000000000,0.040607929229736,2.388174533843994,2.347566604614258,1.290013492107391,0.729635905851354,51.600539684295654
-1,878984,12,12.000000000000000,0.158699035644531,1.877043247222900,1.718344211578369,0.817748149236043,0.539242817604597,9.812977790832520
-1,878985,85,85.000000000000000,0.005697250366211,1.883099555969238,1.877402305603027,0.857352554096895,0.535873476518686,72.874967098236084
-1,878986,9,9.000000000000000,0.060177803039551,0.675212383270264,0.615034580230713,0.428898334503174,0.185721675184361,3.860085010528564
-1,878987,23,23.000000000000000,0.046704292297363,1.955010890960693,1.908306598663330,0.741372979205588,0.485378884800972,17.051578521728516
-1,878988,176,176.000000000000000,0.015126228332520,2.543703556060791,2.528577327728271,1.319666407325051,0.696569361650617,232.261287689208984
-1,878989,235,235.000000000000000,0.032372951507568,2.905893802642822,2.873520851135254,1.618592816210808,0.789978467227735,380.369311809539795
-1,878990,143,143.000000000000000,0.123379707336426,2.554085731506348,2.430706024169922,1.612508467027358,0.469328543488932,230.588710784912109
-1,878991,196,196.000000000000000,0.028696537017822,3.049579620361328,3.020883083343506,1.995945716390804,0.670645392482650,391.205360412597656
-1,878992,151,151.000000000000000,0.157098293304443,2.597925186157227,2.440826892852783,1.897235137737350,0.474269866430524,286.482505798339844
-1,878993,102,102.000000000000000,0.006838798522949,2.087668418884277,2.080829620361328,1.317787161060408,0.545845355883644,134.414290428161621
-1,878994,262,262.000000000000000,0.001472949981689,2.761368274688721,2.759895324707031,0.842913742283828,0.621628920991126,220.843400478363037
-1,879057,98886,98886.000000000000000,0.000056743621826,7.271145343780518,7.271088600158691,1.494759774238448,1.574098215261800,147810.815035343170166
-1,879058,262404,262404.000000000000000,0.000078201293945,24.416431427001953,24.416353225708008,3.431822840781225,4.880595069128627,900524.040712356567383
-1,879059,80212,80212.000000000000000,0.000041007995605,6.685282707214355,6.685241699218750,1.391871614437867,1.505849729206732,111644.805937290191650
-1,879060,18903,18903.000000000000000,0.000330448150635,6.865343093872070,6.865012645721436,2.208926496597558,2.069864953093489,41755.337565183639526
-1,879062,399951,399951.000000000000000,0.000000953674316,18.677894592285156,18.677893638610840,1.151456453675666,2.647199037461857,460526.160104036331177
-1,879064,25342,25342.000000000000000,0.000056743621826,6.144995212554932,6.144938468933105,1.071220861963217,1.173222087901174,27146.879083871841431
-1,879065,1212543,1212543.000000000000000,0.000000953674316,21.765522003173828,21.765521049499512,1.856496177925260,2.434755148047588,2251081.445070028305054
-1,879066,147,147.000000000000000,0.009016513824463,3.322909355163574,3.313892841339111,1.271587660523499,0.824375447776311,186.923386096954346
-1,879069,119037,119037.000000000000000,0.000166416168213,7.440439701080322,7.440273284912109,1.684171732063851,2.014153974135255,200478.750469684600830
-1,879070,86,86.000000000000000,0.111182212829590,5.304690837860107,5.193508625030518,3.921873575033143,1.305917327823688,337.281127452850342
-1,879071,30,30.000000000000000,0.151901721954346,5.190142631530762,5.038240909576416,2.058461729685466,1.352997833779918,61.753851890563965
-1,879072,35,35.000000000000000,0.053973197937012,3.305518150329590,3.251544952392578,1.358649798801967,0.930246357131619,47.552742958068848
-1,879073,106,106.000000000000000,0.020283699035645,5.101245880126953,5.080962181091309,3.138866116415779,1.685595301244988,332.719808340072632
-1,879074,113,113.000000000000000,0.087862014770508,4.984849929809570,4.896987915039063,3.849028412219698,1.312288752958982,434.940210580825806
-1,879075,137,137.000000000000000,0.094319820404053,5.070038795471191,4.975718975067139,3.825302184933293,1.459781545041337,524.066399335861206
-1,879076,116,116.000000000000000,0.175536632537842,5.243138313293457,5.067601680755615,3.794954538345337,1.498818657710273,440.214726448059082
-1,879077,137,137.000000000000000,1.735583782196045,5.278177738189697,3.542593955993652,3.872551211475456,0.990522573576514,530.539515972137451
-1,879078,139,139.000000000000000,0.586413383483887,5.155052185058594,4.568638801574707,3.655818443504169,1.174988298266056,508.158763647079468
-1,879079,67,67.000000000000000,0.222148418426514,4.766565322875977,4.544416904449463,2.451399692848547,1.416549907877342,164.243779420852661
-1,879080,59,59.000000000000000,0.072765350341797,4.516232013702393,4.443466663360596,2.598892535193492,1.208293045575654,153.334659576416016
-1,879081,62,62.000000000000000,0.050212383270264,4.423374176025391,4.373161792755127,2.462516038648544,1.323607516760444,152.675994396209717
-1,879082,39,39.000000000000000,0.023256778717041,3.846512079238892,3.823255300521851,1.746525477140378,1.103252597286342,68.114493608474731
-1,879083,33,33.000000000000000,0.044556140899658,3.222838401794434,3.178282260894775,1.575569181731253,0.900277791990061,51.993782997131348
-1,879084,36,36.000000000000000,0.017654895782471,3.960663557052612,3.943008661270142,1.872537692387899,1.204706608298812,67.411356925964355
-1,879085,59,59.000000000000000,0.025655746459961,2.966215133666992,2.940559387207031,1.567523439051741,0.656452297722470,92.483882904052734
-1,879086,82,82.000000000000000,0.005657196044922,3.247066497802734,3.241409301757813,1.689099079225121,0.698759343919371,138.506124496459961
-1,879087,46,46.000000000000000,0.085874557495117,3.031755447387695,2.945880889892578,1.515140232832535,0.744748832705185,69.696450710296631
-1,879088,23,23.000000000000000,0.162385463714600,1.699763298034668,1.537377834320068,1.022487909897514,0.489067197651017,23.517221927642822
-1,879089,44,44.000000000000000,0.051690578460693,1.558985710144043,1.507295131683350,0.963819200342352,0.400588954307940,42.408044815063477
-1,879090,52,52.000000000000000,0.068717002868652,1.495748519897461,1.427031517028809,0.969819078078637,0.382472317603226,50.430592060089111
-1,879091,37,37.000000000000000,0.057289123535156,1.550382137298584,1.493093013763428,1.019114004599081,0.403460711294182,37.707218170166016
-1,879092,21,21.000000000000000,0.302277088165283,2.004043102264404,1.701766014099121,1.323651677086240,0.529613624488381,27.796685218811035
-1,879093,3613,3613.000000000000000,0.001058101654053,5.194862365722656,5.193804264068604,2.222417340923999,1.571782459223242,8029.593852758407593
-1,879094,50,50.000000000000000,0.021186351776123,3.688771963119507,3.667585611343384,1.918532843589783,0.966527138007894,95.926642179489136
-1,879095,124,124.000000000000000,0.068972587585449,4.780099868774414,4.711127281188965,2.741691829696778,1.172384124207317,339.969786882400513
-1,879096,33,33.000000000000000,0.014041900634766,1.257627010345459,1.243585109710693,0.685991923014323,0.338980156522130,22.637733459472656
-1,879097,50,50.000000000000000,0.080179691314697,1.399547100067139,1.319367408752441,0.883766202926636,0.326799663456218,44.188310146331787
-1,879098,49,49.000000000000000,0.072435855865479,1.607068538665771,1.534632682800293,0.830777362901337,0.483085657805198,40.708090782165527
-1,879099,38,38.000000000000000,0.020394325256348,1.670511722564697,1.650117397308350,0.788212763635736,0.384214219890148,29.952085018157959
-1,879100,60,60.000000000000000,0.013486862182617,1.310283660888672,1.296796798706055,0.786120120684306,0.309546801418914,47.167207241058350
-1,879101,40,40.000000000000000,0.014558792114258,1.094319820404053,1.079761028289795,0.807164561748505,0.280160874167631,32.286582469940186
-1,879102,41,41.000000000000000,0.122907638549805,1.612117290496826,1.489209651947021,1.020806312561035,0.406441719529023,41.853058815002441
-1,879103,42,42.000000000000000,0.109634399414063,1.858312606811523,1.748678207397461,1.023886203765869,0.480644051940373,43.003220558166504
-1,879104,104,104.000000000000000,0.035188674926758,1.599627494812012,1.564438819885254,0.905295261969933,0.424241917244659,94.150707244873047
-1,879105,88,88.000000000000000,0.076503276824951,1.324434757232666,1.247931480407715,0.979914074594324,0.293572999640428,86.232438564300537
-1,879106,20,20.000000000000000,0.040888309478760,2.045830726623535,2.004942417144775,0.627959442138672,0.598032943809449,12.559188842773438
-1,879107,13,13.000000000000000,0.086215972900391,1.804717063903809,1.718501091003418,0.765822153825026,0.595212504248303,9.955687999725342
-1,879108,31,31.000000000000000,0.060426235198975,2.124932765960693,2.064506530761719,1.055409385311988,0.639495407458383,32.717690944671631
-1,879109,47,47.000000000000000,0.219868659973145,1.851653575897217,1.631784915924072,1.272084043381062,0.387533400099678,59.787950038909912
-1,879110,73,73.000000000000000,0.029285430908203,2.044732570648193,2.015447139739990,1.389680470505806,0.512067509764469,101.446674346923828
-1,879111,67,67.000000000000000,0.019412040710449,2.735841751098633,2.716429710388184,1.541736645485038,0.673947638928176,103.296355247497559
-1,879112,78,78.000000000000000,0.004187107086182,2.314239978790283,2.310052871704102,1.259482756639138,0.490485613000411,98.239655017852783
-1,879113,79,79.000000000000000,0.006559371948242,2.419335365295410,2.412775993347168,1.161662530295456,0.438257805252908,91.771339893341064
-1,879114,93,93.000000000000000,0.162441253662109,2.235774517059326,2.073333263397217,1.285403728485107,0.523159483311078,119.542546749114990
-1,879115,81,81.000000000000000,0.121632575988770,2.644111633300781,2.522479057312012,1.432867839012617,0.563863523382970,116.062294960021973
-1,879116,44,44.000000000000000,0.055325508117676,1.358764648437500,1.303439140319824,0.747599428350275,0.365193032126097,32.894374847412109
-1,879117,54,54.000000000000000,0.066010475158691,1.357545852661133,1.291535377502441,0.760792847032900,0.291928825116047,41.082813739776611
-1,879118,47,47.000000000000000,0.147573471069336,1.774355888366699,1.626782417297363,0.923628360667127,0.434396675803866,43.410532951354980
-1,879119,29,29.000000000000000,0.022792339324951,2.553834438323975,2.531042098999023,1.649065067028177,0.623770554682240,47.822886943817139
-1,879120,28,28.000000000000000,0.031770229339600,2.104882717132568,2.073112487792969,1.286777394158500,0.537447640108852,36.029767036437988
-1,879121,12,12.000000000000000,0.147366046905518,1.559625625610352,1.412259578704834,0.956664005915324,0.464297784183956,11.479968070983887
-1,879123,11,11.000000000000000,0.122875213623047,0.718368530273438,0.595493316650391,0.341331438584761,0.201139758331018,3.754645824432373
-1,879124,52,52.000000000000000,0.025181770324707,1.584007740020752,1.558825969696045,0.486185596539424,0.343966001934484,25.281651020050049
-1,879125,58,58.000000000000000,0.019764423370361,2.107685565948486,2.087921142578125,0.959156447443469,0.565287703622247,55.631073951721191
-1,879126,129,129.000000000000000,0.020966053009033,2.798487663269043,2.777521610260010,1.184995813887249,0.699205440239015,152.864459991455078
-1,879127,155,155.000000000000000,0.012944698333740,3.102803230285645,3.089858531951904,1.773934167431247,0.805395522228316,274.959795951843262
-1,879128,72,72.000000000000000,0.281998634338379,2.771059513092041,2.489060878753662,1.652469336986542,0.707771506908396,118.977792263031006
-1,879129,61,61.000000000000000,0.112949371337891,3.077669143676758,2.964719772338867,1.644542232888644,0.865697904979428,100.317076206207275
-1,879130,96,96.000000000000000,0.002776145935059,2.662312507629395,2.659536361694336,1.670597905913989,0.770381695625262,160.377398967742920
-1,879131,68,68.000000000000000,0.197197437286377,2.768186569213867,2.570989131927490,1.371270607499515,0.770813658605255,93.246401309967041
-1,879132,59,59.000000000000000,0.072406768798828,2.776504516601563,2.704097747802734,1.331527039156122,0.759530692179779,78.560095310211182
-1,879133,91,91.000000000000000,0.006978511810303,5.236929893493652,5.229951381683350,2.536600068375304,1.286922430793911,230.830606222152710
-1,879134,103,103.000000000000000,0.001141548156738,5.144187927246094,5.143046379089355,2.611673637501244,1.352001661110479,269.002384662628174
-1,879135,90,90.000000000000000,0.148277282714844,5.671079635620117,5.522802352905273,3.016613753636678,1.458999847647109,271.495237827301025
-1,879136,115,115.000000000000000,0.011207103729248,7.548118591308594,7.536911487579346,4.457624244689941,1.845090571722002,512.626788139343262
-1,879137,100,100.000000000000000,0.033948898315430,7.918715953826904,7.884767055511475,5.390334498882294,2.114117814515753,539.033449888229370
-1,879138,111,111.000000000000000,0.151809215545654,7.903977394104004,7.752168178558350,5.332165975828429,2.388358017620182,591.870423316955566
-1,879139,74,74.000000000000000,0.130441188812256,7.858948707580566,7.728507518768311,5.339400371989688,2.321026851677260,395.115627527236938
-1,879140,100,100.000000000000000,0.042012691497803,7.817884922027588,7.775872230529785,4.593295776844025,2.560400347950112,459.329577684402466
-1,879141,99,99.000000000000000,0.007548809051514,7.427314281463623,7.419765472412109,4.203179027094985,2.377709712047907,416.114723682403564
-1,879142,88,88.000000000000000,0.049893379211426,7.888582229614258,7.838688850402832,4.899933438409459,2.381109599259415,431.194142580032349
-1,879143,108,108.000000000000000,0.091804504394531,7.922560691833496,7.830756187438965,5.259754324400866,2.299498742532543,568.053467035293579
-1,879144,69,69.000000000000000,0.191850662231445,7.636020660400391,7.444169998168945,4.418933028760164,2.341589524706681,304.906378984451294
-1,879145,79,79.000000000000000,0.087538719177246,7.222589492797852,7.135050773620605,4.259663280052475,2.294757302247258,336.513399124145508
-1,879146,77,77.000000000000000,0.008701324462891,7.055743217468262,7.047041893005371,4.588437616051017,2.071542122757412,353.309696435928345
-1,879147,90,90.000000000000000,0.008649826049805,7.000841617584229,6.992191791534424,4.438522097799513,1.936667409067889,399.466988801956177
-1,879148,93,93.000000000000000,0.232807159423828,7.372047424316406,7.139240264892578,4.676016702446886,1.995796553069927,434.869553327560425
-1,879149,97,97.000000000000000,0.061686038970947,7.326651573181152,7.264965534210205,3.486030917806723,2.007279168665002,338.144999027252197
-1,879150,109,109.000000000000000,0.118092060089111,7.748586654663086,7.630494594573975,4.511074512376698,2.385448622064441,491.707121849060059
-1,879151,114,114.000000000000000,0.080384731292725,7.784354686737061,7.703969955444336,4.703371867798922,2.326216435363252,536.184392929077148
-1,879152,102,102.000000000000000,0.078598022460938,7.435990333557129,7.357392311096191,4.344367211940241,2.104822641868469,443.125455617904663
-1,879153,103,103.000000000000000,0.001547813415527,6.168441772460938,6.166893959045410,3.245332706321790,1.897476775017727,334.269268751144409
-1,879154,119,119.000000000000000,0.089357852935791,7.298707962036133,7.209350109100342,4.221408739811232,1.945706357133157,502.347640037536621
-1,879155,154,154.000000000000000,0.093890190124512,7.955399990081787,7.861509799957275,4.649583534760908,2.490462322953678,716.035864353179932
-1,879156,152,152.000000000000000,0.036120891571045,7.991477489471436,7.955356597900391,4.478902885788365,2.564091573077446,680.793238639831543
-1,879157,129,129.000000000000000,0.009191513061523,7.951614379882813,7.942422866821289,5.006430381952330,2.423058293590817,645.829519271850586
-1,879158,94,94.000000000000000,0.173079013824463,7.897493362426758,7.724414348602295,4.598970915408844,2.572809061307671,432.303266048431396
-1,879159,144,144.000000000000000,0.041695594787598,7.727116107940674,7.685420513153076,4.746161114838388,2.430567853166574,683.447200536727905
-1,879160,110,110.000000000000000,0.133500099182129,7.596016407012939,7.462516307830811,4.200837781212547,2.449589415259543,462.092155933380127
-1,879161,67,67.000000000000000,0.136175155639648,6.035926818847656,5.899751663208008,2.539855394790422,1.682875754264307,170.170311450958252
-1,879162,65,65.000000000000000,0.071811199188232,2.480369567871094,2.408558368682861,1.146406525831956,0.651952806971337,74.516424179077148
-1,879163,71,71.000000000000000,0.031622409820557,7.038724422454834,7.007102012634277,2.786711289849080,2.049648694914758,197.856501579284668
-1,879164,117,117.000000000000000,0.837850093841553,7.353007316589355,6.515157222747803,4.893805727999434,1.881702066079075,572.575270175933838
-1,879165,113,113.000000000000000,0.263987064361572,7.991265296936035,7.727278232574463,4.648654722534450,2.512323810568734,525.297983646392822
-1,879166,129,129.000000000000000,0.002177715301514,7.991303920745850,7.989126205444336,4.650209290112636,2.686146065237852,599.876998424530029
-1,879167,123,123.000000000000000,0.110529899597168,7.991317272186279,7.880787372589111,5.409641771781735,2.492953548471310,665.385937929153442
-1,879168,294,294.000000000000000,0.021901130676270,8.007545471191406,7.985644340515137,5.155922245006172,2.427642315650735,1515.841140031814575
-1,879169,124,124.000000000000000,0.193469047546387,7.771371364593506,7.577902317047119,4.820484743964288,2.108524208992185,597.740108251571655
-1,879170,133,133.000000000000000,0.089916229248047,7.996342182159424,7.906425952911377,5.324736222288663,1.962795782746339,708.189917564392090
-1,879171,145,145.000000000000000,0.147118568420410,7.996269226074219,7.849150657653809,5.625681656804578,2.139758930646123,815.723840236663818
-1,879173,90,90.000000000000000,0.022185802459717,6.150032520294189,6.127846717834473,3.440352008077833,1.859837668424826,309.631680727005005
-1,879174,49,49.000000000000000,0.133182048797607,6.619466781616211,6.486284732818604,3.142382198450516,1.982626792151791,153.976727724075317
-1,879175,69,69.000000000000000,0.040754318237305,7.991316795349121,7.950562477111816,5.455073702162591,2.625512197095480,376.400085449218750
-1,879176,112,112.000000000000000,0.052147865295410,7.838723659515381,7.786575794219971,4.951710045337677,2.308713515939135,554.591525077819824
-1,879177,81,81.000000000000000,0.009576797485352,7.492065429687500,7.482488632202148,4.256203825091139,2.328364821781556,344.752509832382202
-1,879178,98,98.000000000000000,0.128832817077637,7.645673274993896,7.516840457916260,4.381287793723905,2.252730879270061,429.366203784942627
-1,879179,102,102.000000000000000,0.016782760620117,7.650919914245605,7.634137153625488,4.198893163718429,2.358765382480127,428.287102699279785
-1,879180,127,127.000000000000000,0.031602859497070,7.948959827423096,7.917356967926025,4.442854147257767,2.577067315791853,564.242476701736450
-1,879181,141,141.000000000000000,0.085660457611084,7.989380359649658,7.903719902038574,4.633743735915380,2.590843209905369,653.357866764068604
-1,879182,138,138.000000000000000,0.042109489440918,7.989063262939453,7.946953773498535,4.820186098416646,2.460685182996869,665.185681581497192
-1,879183,4302,4302.000000000000000,0.000127792358398,24.177194595336914,24.177066802978516,4.244594471280601,2.574999360859743,18260.245415449142456
-1,879184,139,139.000000000000000,0.053216934204102,7.991299152374268,7.938082218170166,5.678954103867785,2.158106570804522,789.374620437622070
-1,879185,19237,19237.000000000000000,0.000091075897217,7.166150093078613,7.166059017181396,1.355960860534710,1.196902269960566,26084.619074106216431
-1,879186,10701,10701.000000000000000,0.002321720123291,7.526649475097656,7.524327754974365,2.727081304977413,0.420726494566189,29182.497044563293457
-1,879187,25512,25512.000000000000000,0.000054836273193,32.101623535156250,32.101568698883057,5.185976030984318,6.714917916965664,132304.620502471923828
-1,879188,29479,29479.000000000000000,0.000384330749512,15.886745452880859,15.886361122131348,1.859382681916335,2.437496412155364,54812.742080211639404
-1,879189,2029864,2029864.000000000000000,0.000022411346436,7.655216217041016,7.655193805694580,4.646681965005967,0.936152932091010,9432132.440214872360229
-1,879190,607261,607261.000000000000000,0.000047206878662,16.256193161010742,16.256145954132080,4.153704108234956,1.919706996337028,2522382.510470867156982
-1,879191,272534,272534.000000000000000,0.000157356262207,4.613776683807373,4.613619327545166,2.072875575465630,1.287284010027002,564929.072083950042725
-1,879192,4793,4793.000000000000000,0.001259803771973,3.902126789093018,3.900866985321045,1.957459722708343,1.176372025501063,9382.104450941085815
-1,879193,694506,694506.000000000000000,0.000074863433838,5.942747592926025,5.942672729492188,2.892506310629885,0.707770528327998,2008862.987770318984985
-1,879194,1119717,1119717.000000000000000,0.000006198883057,5.193519115447998,5.193512916564941,2.163686850574321,0.959765846801584,2422716.949264526367188
-1,879195,39411,39411.000000000000000,0.000029087066650,6.448413372039795,6.448384284973145,0.735285806406643,0.595092435693474,28978.348916292190552
-1,879196,41972,41972.000000000000000,0.000079154968262,6.135377883911133,6.135298728942871,0.575938833449460,0.416403791200900,24173.304717540740967
-1,879197,10669,10669.000000000000000,0.000054359436035,15.079536437988281,15.079482078552246,5.657987560570234,4.431817181006247,60365.069283723831177
-1,879198,45407,45407.000000000000000,0.000073432922363,6.552390098571777,6.552316665649414,1.350043486805329,1.677057351405528,61301.424605369567871
-1,879199,1859835,1859835.000000000000000,0.000002384185791,14.504355430603027,14.504353046417236,4.191662014692900,1.692875751504419,7795799.723096370697021
-1,879200,202595,202595.000000000000000,0.000013351440430,6.061145305633545,6.061131954193115,1.159814130319930,1.340018294291023,234972.543732166290283
-1,879201,1904948,1904948.000000000000000,0.000125885009766,7.579658031463623,7.579532146453857,4.501984828548689,1.040917964839053,8576046.995174169540405
-1,879202,404866,404866.000000000000000,0.000030517578125,14.414417266845703,14.414386749267578,4.463207293895764,1.433323374126353,1807000.884250402450562
-1,879203,60945,60945.000000000000000,0.000057697296143,5.761262416839600,5.761204719543457,0.934087413774854,1.058476636107840,56927.957432508468628
-1,880985,2017,2017.000000000000000,0.000686168670654,1.266357421875000,1.265671253204346,0.947131198292980,0.212737087605448,1910.363626956939697
-1,880986,837,837.000000000000000,0.025529861450195,1.317926883697510,1.292397022247314,1.082750104519059,0.177216585711462,906.261837482452393
-1,880987,2837,2837.000000000000000,0.001545906066895,2.762519836425781,2.760973930358887,1.178159049332961,0.671541262360135,3342.437222957611084
-1,880990,2923,2923.000000000000000,0.002411842346191,1.549596309661865,1.547184467315674,1.226811053693356,0.205149632490304,3585.968709945678711
-1,880991,6177,6177.000000000000000,0.004001617431641,2.058463096618652,2.054461479187012,1.581408953655108,0.327070199712792,9768.363106727600098
-1,881039,69,69.000000000000000,0.099526405334473,2.701569557189941,2.602043151855469,1.432556760483894,0.757346977939231,98.846416473388672
-1,881040,918,918.000000000000000,0.000670909881592,2.533105373382568,2.532434463500977,1.447165310512701,0.637265564691405,1328.497755050659180
-1,881785,191,191.000000000000000,0.022711753845215,3.450462341308594,3.427750587463379,2.501152814994932,0.974566743216499,477.720187664031982
-1,881818,78798,78798.000000000000000,0.000072002410889,7.070834159851074,7.070762157440186,2.280404395148090,1.907501489228020,179691.305528879165649
-1,881854,4523,4523.000000000000000,0.001780509948730,6.025727272033691,6.023946762084961,1.354089117514041,0.755316492725213,6124.545078516006470
-1,881855,386749,386749.000000000000000,0.000002384185791,7.403172492980957,7.403170108795166,1.550596693032105,1.478567212013405,599691.720433473587036
-1,881856,358743,358743.000000000000000,0.000001907348633,7.274795055389404,7.274793148040771,1.009958274449347,1.754170868891653,362315.461250782012939
-1,881860,58963,58963.000000000000000,0.000005245208740,7.205503463745117,7.205498218536377,2.123059357874304,2.014984156197693,125181.948918342590332
-1,881862,943271,943271.000000000000000,0.000000000000000,7.097624301910400,7.097624301910400,0.867051341093709,1.296274429997042,817864.385564804077148
-1,881863,165,165.000000000000000,0.021503925323486,2.264968395233154,2.243464469909668,1.183394296241529,0.642348059803772,195.260058879852295
-1,881866,8041,8041.000000000000000,0.000075817108154,4.295746803283691,4.295670986175537,0.622509816588046,0.871241677240694,5005.601435184478760
-1,882294,12777,12777.000000000000000,0.001562118530273,6.227245330810547,6.225683212280273,3.268743967985691,1.220475013491177,41764.741678953170776
-1,882295,32233,32233.000000000000000,0.000723838806152,8.085291862487793,8.084568023681641,5.966589666443267,2.425742145872896,192321.084718465805054
-1,882296,19433,19433.000000000000000,0.005125522613525,8.120284080505371,8.115158557891846,6.492645313335767,1.934081509800601,126171.576374053955078
-1,882297,23966,23966.000000000000000,0.000055313110352,5.110028266906738,5.109972953796387,1.868309484184321,1.452816425262808,44775.905097961425781
-1,882298,777853,777853.000000000000000,0.000132560729980,6.441424369812012,6.441291809082031,4.238586785499966,1.297667553923225,3296997.446861505508423
-1,882299,1053744,1053744.000000000000000,0.000048160552979,7.760891914367676,7.760843753814697,3.451626920803835,1.101647619931127,3637131.158035516738892
-1,882301,2173691,2173691.000000000000000,0.000133037567139,5.794639587402344,5.794506549835205,3.735095762658601,0.657185039858437,8118944.043429136276245
-1,882303,1053796,1053796.000000000000000,0.000040531158447,4.676088809967041,4.676048278808594,3.347277837611461,0.556269472379921,3527347.996163606643677
-1,882306,1620,1620.000000000000000,0.003268241882324,4.272111892700195,4.268843650817871,2.085316425488319,1.219318535163069,3378.212609291076660
-1,882307,38040,38040.000000000000000,0.000036716461182,3.839679002761841,3.839642286300659,1.754853563648418,1.103210739081340,66754.629561185836792
-1,882308,184520,184520.000000000000000,0.000225543975830,5.093232631683350,5.093007087707520,3.828574485584218,0.917662691542494,706448.564079999923706
-1,882341,23473,23473.000000000000000,0.001706600189209,4.600554943084717,4.598848342895508,1.044706387650457,0.566806209015366,24522.393037319183350
-1,882342,9260,9260.000000000000000,0.004043102264404,3.035875320434570,3.031832218170166,1.131603118410378,0.477770963748832,10478.644876480102539
-1,882344,284,284.000000000000000,0.028248786926270,2.715916156768799,2.687667369842529,1.519668463250281,0.676007803765696,431.585843563079834
-1,882346,1087,1087.000000000000000,0.000255107879639,2.638545989990234,2.638290882110596,0.668436260539233,0.476179754586691,726.590215206146240
-1,882347,999431,999431.000000000000000,0.000000953674316,7.679734706878662,7.679733753204346,3.343006663052925,1.840943602304154,3341104.492261648178101
-1,882348,45814,45814.000000000000000,0.000632286071777,4.976858139038086,4.976225852966309,3.884542491225032,0.858707684185125,177966.429692983627319
-1,882349,12258,12258.000000000000000,0.001509666442871,4.985146999359131,4.983637332916260,4.064852273645088,0.809974434415074,49826.959170341491699
-1,882350,259498,259498.000000000000000,0.000455856323242,7.545114040374756,7.544658184051514,4.545399917637555,0.679913611341065,1179522.187827110290527
-1,882351,113586,113586.000000000000000,0.003669261932373,7.779652595520020,7.775983333587646,5.233602401729268,1.419401947552059,594463.962402820587158
-1,882352,151977,151977.000000000000000,0.203950881958008,7.748460292816162,7.544509410858154,4.292174866958517,1.215511968693807,652311.859755754470825
-1,882353,23809,23809.000000000000000,0.000135421752930,6.069400787353516,6.069265365600586,4.114033723529401,0.887818584972808,97951.028923511505127
-1,882354,7070,7070.000000000000000,0.000757694244385,4.966774463653564,4.966016769409180,1.661972995964439,1.241550889215181,11750.149081468582153
-1,882355,277310,277310.000000000000000,0.000479698181152,6.061987876892090,6.061508178710938,4.068704200593966,0.909838736491059,1128292.361866712570190
-1,882356,699571,699571.000000000000000,0.000147342681885,7.961951732635498,7.961804389953613,3.933763683030977,1.166334502247071,2751946.993501663208008
-1,882357,56787,56787.000000000000000,0.000155925750732,4.537607669830322,4.537451744079590,2.203973574052008,1.347452727856064,125157.047349691390991
-1,882358,140519,140519.000000000000000,0.000050067901611,6.734210968017578,6.734160900115967,4.394225878061573,1.132506759321157,617472.226159334182739
-1,882359,76481,76481.000000000000000,0.000000476837158,6.484516143798828,6.484515666961670,2.661644520510007,1.041157369304538,203565.234573125839233
-1,882360,7312,7312.000000000000000,0.000803947448730,3.114199638366699,3.113395690917969,0.599238459208340,0.455341150260386,4381.631613731384277