,parcel_id,slr77,slr66,slr52,slr48,slr36,slr24,slr12,slr
0,914191,77,66.0,52.0,48.0,36.0,24.0,12.0,12
1,895343,77,66.0,52.0,48.0,36.0,24.0,12.0,12
2,1042043,77,66.0,52.0,48.0,36.0,24.0,12.0,12
3,1042039,77,66.0,52.0,48.0,36.0,24.0,12.0,12
4,1042035,77,66.0,52.0,48.0,36.0,24.0,12.0,12
5,1042067,77,66.0,52.0,48.0,36.0,24.0,12.0,12
6,1042068,77,66.0,52.0,48.0,36.0,24.0,12.0,12
7,1042062,77,66.0,52.0,48.0,36.0,24.0,12.0,12
8,1042045,77,66.0,52.0,48.0,36.0,24.0,12.0,12
9,1042041,77,66.0,52.0,48.0,36.0,24.0,12.0,12
10,1042042,77,66.0,52.0,48.0,36.0,24.0,12.0,12
11,1042040,77,66.0,52.0,48.0,36.0,24.0,0.0,24
12,1042029,77,66.0,52.0,48.0,36.0,24.0,12.0,12
13,903854,77,66.0,52.0,48.0,36.0,24.0,12.0,12
14,895344,77,66.0,52.0,48.0,36.0,24.0,12.0,12
15,895345,77,66.0,52.0,48.0,36.0,24.0,12.0,12
16,895341,77,66.0,52.0,48.0,36.0,24.0,12.0,12
17,1042044,77,66.0,52.0,48.0,36.0,24.0,12.0,12
18,888734,77,66.0,52.0,48.0,36.0,24.0,12.0,12
19,1042048,77,66.0,52.0,48.0,36.0,24.0,12.0,12
20,888733,77,66.0,52.0,48.0,36.0,24.0,12.0,12
21,888732,77,66.0,0.0,0.0,0.0,0.0,0.0,66
22,888748,77,66.0,0.0,0.0,0.0,0.0,0.0,66
23,888756,77,66.0,0.0,0.0,0.0,0.0,0.0,66
24,888753,77,66.0,0.0,0.0,0.0,0.0,0.0,66
25,888752,77,66.0,0.0,0.0,0.0,0.0,0.0,66
26,888751,77,66.0,0.0,0.0,0.0,0.0,0.0,66
27,888757,77,66.0,0.0,0.0,0.0,0.0,0.0,66
28,1042036,77,66.0,52.0,48.0,36.0,24.0,12.0,12
29,888758,77,66.0,0.0,0.0,0.0,0.0,0.0,66
30,888759,77,66.0,0.0,0.0,0.0,0.0,0.0,66
31,1042030,77,66.0,52.0,48.0,36.0,24.0,12.0,12
32,1042025,77,66.0,52.0,48.0,36.0,24.0,12.0,12
33,895346,77,66.0,52.0,48.0,36.0,24.0,12.0,12
34,888737,77,66.0,0.0,0.0,0.0,0.0,0.0,66
35,888738,77,66.0,0.0,0.0,0.0,0.0,0.0,66
36,888736,77,66.0,0.0,0.0,0.0,0.0,0.0,66
37,888744,77,66.0,0.0,0.0,0.0,0.0,0.0,66
38,888745,77,66.0,0.0,0.0,0.0,0.0,0.0,66
39,888739,77,66.0,0.0,0.0,0.0,0.0,0.0,66
40,888740,77,66.0,0.0,0.0,0.0,0.0,0.0,66
41,888747,77,66.0,0.0,0.0,0.0,0.0,0.0,66
42,888746,77,66.0,0.0,0.0,0.0,0.0,0.0,66
43,888750,77,66.0,0.0,0.0,0.0,0.0,0.0,66
44,888741,77,66.0,0.0,0.0,0.0,0.0,0.0,66
45,888742,77,0.0,0.0,0.0,0.0,0.0,0.0,77
46,888767,77,0.0,0.0,0.0,0.0,0.0,0.0,77
47,888754,77,66.0,0.0,0.0,0.0,0.0,0.0,66
48,888749,77,66.0,0.0,0.0,0.0,0.0,0.0,66
49,888755,77,66.0,0.0,0.0,0.0,0.0,0.0,66
50,888766,77,0.0,0.0,0.0,0.0,0.0,0.0,77
51,888765,77,66.0,0.0,0.0,0.0,0.0,0.0,66
52,888764,77,66.0,0.0,0.0,0.0,0.0,0.0,66
53,888761,77,66.0,0.0,0.0,0.0,0.0,0.0,66
54,888762,77,66.0,0.0,0.0,0.0,0.0,0.0,66
55,888763,77,66.0,0.0,0.0,0.0,0.0,0.0,66
56,888760,77,66.0,0.0,0.0,0.0,0.0,0.0,66
57,888934,77,66.0,0.0,0.0,0.0,0.0,0.0,66
58,888933,77,0.0,0.0,0.0,0.0,0.0,0.0,77
59,888932,77,0.0,0.0,0.0,0.0,0.0,0.0,77
60,888935,77,66.0,0.0,0.0,0.0,0.0,0.0,66
61,1042026,77,66.0,0.0,0.0,0.0,0.0,0.0,66
62,1042022,77,66.0,52.0,48.0,36.0,24.0,12.0,12
63,1042021,77,66.0,52.0,48.0,36.0,24.0,12.0,12
64,1042018,77,66.0,52.0,48.0,36.0,24.0,12.0,12
65,1042014,77,66.0,52.0,48.0,36.0,24.0,12.0,12
66,895429,77,66.0,0.0,0.0,0.0,0.0,0.0,66
67,895430,77,66.0,0.0,0.0,0.0,0.0,0.0,66
68,895428,77,66.0,0.0,0.0,0.0,0.0,0.0,66
69,895427,77,66.0,0.0,0.0,0.0,0.0,0.0,66
70,895426,77,66.0,0.0,0.0,0.0,0.0,0.0,66
71,895416,77,66.0,0.0,0.0,0.0,0.0,0.0,66
72,895417,77,66.0,0.0,0.0,0.0,0.0,0.0,66
73,895438,77,66.0,0.0,0.0,0.0,0.0,0.0,66
74,895437,77,66.0,0.0,0.0,0.0,0.0,0.0,66
75,895436,77,66.0,0.0,0.0,0.0,0.0,0.0,66
76,895435,77,66.0,0.0,0.0,0.0,0.0,0.0,66
77,895434,77,66.0,0.0,0.0,0.0,0.0,0.0,66
78,895433,77,66.0,0.0,0.0,0.0,0.0,0.0,66
79,895432,77,66.0,0.0,0.0,0.0,0.0,0.0,66
80,895431,77,66.0,0.0,0.0,0.0,0.0,0.0,66
81,895618,77,0.0,0.0,0.0,0.0,0.0,0.0,77
82,895418,77,66.0,0.0,0.0,0.0,0.0,0.0,66
83,895487,77,66.0,0.0,0.0,0.0,0.0,0.0,66
84,895488,77,66.0,0.0,0.0,0.0,0.0,0.0,66
85,895486,77,66.0,0.0,0.0,0.0,0.0,0.0,66
86,895489,77,66.0,0.0,0.0,0.0,0.0,0.0,66
87,895485,77,66.0,0.0,0.0,0.0,0.0,0.0,66
88,895484,77,66.0,0.0,0.0,0.0,0.0,0.0,66
89,895483,77,66.0,0.0,0.0,0.0,0.0,0.0,66
90,895490,77,66.0,0.0,0.0,0.0,0.0,0.0,66
91,895482,77,66.0,0.0,0.0,0.0,0.0,0.0,66
92,895481,77,66.0,0.0,0.0,0.0,0.0,0.0,66
93,895491,77,66.0,0.0,0.0,0.0,0.0,0.0,66
94,895492,77,66.0,0.0,0.0,0.0,0.0,0.0,66
95,895480,77,0.0,0.0,0.0,0.0,0.0,0.0,77
96,895477,77,0.0,0.0,0.0,0.0,0.0,0.0,77
97,895500,77,0.0,0.0,0.0,0.0,0.0,0.0,77
98,895498,77,0.0,0.0,0.0,0.0,0.0,0.0,77
99,895476,77,0.0,0.0,0.0,0.0,0.0,0.0,77
100,895495,77,0.0,0.0,0.0,0.0,0.0,0.0,77
101,895493,77,66.0,0.0,0.0,0.0,0.0,0.0,66
102,895496,77,0.0,0.0,0.0,0.0,0.0,0.0,77
103,895475,77,0.0,0.0,0.0,0.0,0.0,0.0,77
104,895474,77,0.0,0.0,0.0,0.0,0.0,0.0,77
105,895499,77,0.0,0.0,0.0,0.0,0.0,0.0,77
106,895473,77,0.0,0.0,0.0,0.0,0.0,0.0,77
107,895494,77,66.0,0.0,0.0,0.0,0.0,0.0,66
108,895471,77,66.0,0.0,0.0,0.0,0.0,0.0,66
109,888941,77,66.0,0.0,0.0,0.0,0.0,0.0,66
110,888939,77,66.0,0.0,0.0,0.0,0.0,0.0,66
111,888940,77,66.0,0.0,0.0,0.0,0.0,0.0,66
112,888938,77,66.0,0.0,0.0,0.0,0.0,0.0,66
113,888936,77,66.0,0.0,0.0,0.0,0.0,0.0,66
114,888937,77,66.0,0.0,0.0,0.0,0.0,0.0,66
115,1042019,77,66.0,52.0,48.0,36.0,24.0,12.0,12
116,1042015,77,0.0,0.0,0.0,0.0,0.0,0.0,77
117,903859,77,66.0,0.0,0.0,0.0,0.0,0.0,66
118,903871,77,66.0,0.0,0.0,0.0,0.0,0.0,66
119,903870,77,66.0,0.0,0.0,0.0,0.0,0.0,66
120,903869,77,66.0,0.0,0.0,0.0,0.0,0.0,66
121,903868,77,66.0,0.0,0.0,0.0,0.0,0.0,66
122,903901,77,66.0,0.0,0.0,0.0,0.0,0.0,66
123,903900,77,66.0,0.0,0.0,0.0,0.0,0.0,66
124,903899,77,66.0,0.0,0.0,0.0,0.0,0.0,66
125,903898,77,66.0,0.0,0.0,0.0,0.0,0.0,66
126,903897,77,66.0,0.0,0.0,0.0,0.0,0.0,66
127,903896,77,66.0,0.0,0.0,0.0,0.0,0.0,66
128,903895,77,66.0,0.0,0.0,0.0,0.0,0.0,66
129,903893,77,66.0,0.0,0.0,0.0,0.0,0.0,66
130,903855,77,66.0,0.0,0.0,0.0,0.0,0.0,66
131,903857,77,66.0,0.0,0.0,0.0,0.0,0.0,66
132,903858,77,66.0,0.0,0.0,0.0,0.0,0.0,66
133,903894,77,0.0,0.0,0.0,0.0,0.0,0.0,77
134,903892,77,0.0,0.0,0.0,0.0,0.0,0.0,77
135,903930,77,66.0,52.0,0.0,0.0,0.0,0.0,52
136,903931,77,66.0,52.0,0.0,0.0,0.0,0.0,52
137,903929,77,66.0,0.0,0.0,0.0,0.0,0.0,66
138,903928,77,66.0,0.0,0.0,0.0,0.0,0.0,66
139,903927,77,66.0,0.0,0.0,0.0,0.0,0.0,66
140,903926,77,66.0,0.0,0.0,0.0,0.0,0.0,66
141,903925,77,66.0,0.0,0.0,0.0,0.0,0.0,66
142,903875,77,66.0,0.0,0.0,0.0,0.0,0.0,66
143,903878,77,66.0,0.0,0.0,0.0,0.0,0.0,66
144,903876,77,66.0,0.0,0.0,0.0,0.0,0.0,66
145,903877,77,66.0,0.0,0.0,0.0,0.0,0.0,66
146,903902,77,66.0,0.0,0.0,0.0,0.0,0.0,66
147,903939,77,0.0,0.0,0.0,0.0,0.0,0.0,77
148,903879,77,66.0,0.0,0.0,0.0,0.0,0.0,66
149,903915,77,0.0,0.0,0.0,0.0,0.0,0.0,77
150,903936,77,0.0,0.0,0.0,0.0,0.0,0.0,77
151,903924,77,0.0,0.0,0.0,0.0,0.0,0.0,77
152,903880,77,0.0,0.0,0.0,0.0,0.0,0.0,77
153,903916,77,0.0,0.0,0.0,0.0,0.0,0.0,77
154,903917,77,0.0,0.0,0.0,0.0,0.0,0.0,77
155,903881,77,0.0,0.0,0.0,0.0,0.0,0.0,77
156,903956,77,66.0,0.0,0.0,0.0,0.0,0.0,66
157,903957,77,66.0,0.0,0.0,0.0,0.0,0.0,66
158,903958,77,66.0,0.0,0.0,0.0,0.0,0.0,66
159,903959,77,66.0,0.0,0.0,0.0,0.0,0.0,66
160,903960,77,66.0,0.0,0.0,0.0,0.0,0.0,66
161,903908,77,66.0,0.0,0.0,0.0,0.0,0.0,66
162,903935,77,66.0,52.0,48.0,0.0,0.0,0.0,48
163,903934,77,66.0,52.0,48.0,0.0,0.0,0.0,48
164,903933,77,66.0,52.0,0.0,0.0,0.0,0.0,52
165,903932,77,66.0,52.0,0.0,0.0,0.0,0.0,52
166,903955,77,66.0,0.0,0.0,0.0,0.0,0.0,66
167,903954,77,0.0,0.0,0.0,0.0,0.0,0.0,77
168,903909,77,66.0,0.0,0.0,0.0,0.0,0.0,66
169,903949,77,0.0,0.0,0.0,0.0,0.0,0.0,77
170,903953,77,0.0,0.0,0.0,0.0,0.0,0.0,77
171,903952,77,0.0,0.0,0.0,0.0,0.0,0.0,77
172,903913,77,0.0,0.0,0.0,0.0,0.0,0.0,77
173,903910,77,66.0,0.0,0.0,0.0,0.0,0.0,66
174,903938,77,66.0,0.0,0.0,0.0,0.0,0.0,66
175,903951,77,0.0,0.0,0.0,0.0,0.0,0.0,77
176,903937,77,0.0,0.0,0.0,0.0,0.0,0.0,77
177,903912,77,66.0,0.0,0.0,0.0,0.0,0.0,66
178,903914,77,0.0,0.0,0.0,0.0,0.0,0.0,77
179,903911,77,66.0,0.0,0.0,0.0,0.0,0.0,66
180,903950,77,0.0,0.0,0.0,0.0,0.0,0.0,77
181,895358,77,66.0,0.0,0.0,0.0,0.0,0.0,66
182,903940,77,66.0,0.0,0.0,0.0,0.0,0.0,66
183,903942,77,66.0,0.0,0.0,0.0,0.0,0.0,66
184,903943,77,66.0,0.0,0.0,0.0,0.0,0.0,66
185,903946,77,66.0,0.0,0.0,0.0,0.0,0.0,66
186,903945,77,66.0,0.0,0.0,0.0,0.0,0.0,66
187,903944,77,66.0,0.0,0.0,0.0,0.0,0.0,66
188,903961,77,66.0,0.0,0.0,0.0,0.0,0.0,66
189,895367,77,66.0,0.0,0.0,0.0,0.0,0.0,66
190,903963,77,66.0,0.0,0.0,0.0,0.0,0.0,66
191,903941,77,0.0,0.0,0.0,0.0,0.0,0.0,77
192,895368,77,66.0,0.0,0.0,0.0,0.0,0.0,66
193,895378,77,66.0,0.0,0.0,0.0,0.0,0.0,66
194,903962,77,66.0,0.0,0.0,0.0,0.0,0.0,66
195,895369,77,66.0,0.0,0.0,0.0,0.0,0.0,66
196,895381,77,66.0,0.0,0.0,0.0,0.0,0.0,66
197,895377,77,66.0,0.0,0.0,0.0,0.0,0.0,66
198,895376,77,0.0,0.0,0.0,0.0,0.0,0.0,77
199,895347,77,66.0,0.0,0.0,0.0,0.0,0.0,66
200,895366,77,66.0,0.0,0.0,0.0,0.0,0.0,66
201,895365,77,66.0,0.0,0.0,0.0,0.0,0.0,66
202,895364,77,66.0,0.0,0.0,0.0,0.0,0.0,66
203,895363,77,66.0,0.0,0.0,0.0,0.0,0.0,66
204,895362,77,66.0,0.0,0.0,0.0,0.0,0.0,66
205,895361,77,66.0,0.0,0.0,0.0,0.0,0.0,66
206,895360,77,66.0,0.0,0.0,0.0,0.0,0.0,66
207,895359,77,66.0,0.0,0.0,0.0,0.0,0.0,66
208,895348,77,66.0,0.0,0.0,0.0,0.0,0.0,66
209,895349,77,0.0,0.0,0.0,0.0,0.0,0.0,77
210,895350,77,0.0,0.0,0.0,0.0,0.0,0.0,77
211,895356,77,0.0,0.0,0.0,0.0,0.0,0.0,77
212,895355,77,0.0,0.0,0.0,0.0,0.0,0.0,77
213,895357,77,66.0,0.0,0.0,0.0,0.0,0.0,66
214,895354,77,0.0,0.0,0.0,0.0,0.0,0.0,77
215,895648,77,66.0,0.0,0.0,0.0,0.0,0.0,66
216,895351,77,0.0,0.0,0.0,0.0,0.0,0.0,77
217,895352,77,0.0,0.0,0.0,0.0,0.0,0.0,77
218,895647,77,0.0,0.0,0.0,0.0,0.0,0.0,77
219,895646,77,0.0,0.0,0.0,0.0,0.0,0.0,77
220,895353,77,0.0,0.0,0.0,0.0,0.0,0.0,77
221,895370,77,66.0,0.0,0.0,0.0,0.0,0.0,66
222,895672,77,0.0,0.0,0.0,0.0,0.0,0.0,77
223,895371,77,66.0,0.0,0.0,0.0,0.0,0.0,66
224,895379,77,0.0,0.0,0.0,0.0,0.0,0.0,77
225,895380,77,0.0,0.0,0.0,0.0,0.0,0.0,77
226,895372,77,0.0,0.0,0.0,0.0,0.0,0.0,77
227,895373,77,0.0,0.0,0.0,0.0,0.0,0.0,77
228,895375,77,0.0,0.0,0.0,0.0,0.0,0.0,77
229,895382,77,66.0,0.0,0.0,0.0,0.0,0.0,66
230,895415,77,66.0,0.0,0.0,0.0,0.0,0.0,66
231,895414,77,66.0,0.0,0.0,0.0,0.0,0.0,66
232,895440,77,66.0,0.0,0.0,0.0,0.0,0.0,66
233,895383,77,66.0,0.0,0.0,0.0,0.0,0.0,66
234,895425,77,66.0,0.0,0.0,0.0,0.0,0.0,66
235,895384,77,66.0,0.0,0.0,0.0,0.0,0.0,66
236,895385,77,66.0,0.0,0.0,0.0,0.0,0.0,66
237,895386,77,66.0,0.0,0.0,0.0,0.0,0.0,66
238,895439,77,66.0,0.0,0.0,0.0,0.0,0.0,66
239,895387,77,0.0,0.0,0.0,0.0,0.0,0.0,77
240,895388,77,0.0,0.0,0.0,0.0,0.0,0.0,77
241,895413,77,0.0,0.0,0.0,0.0,0.0,0.0,77
242,895412,77,0.0,0.0,0.0,0.0,0.0,0.0,77
243,895389,77,0.0,0.0,0.0,0.0,0.0,0.0,77
244,895411,77,0.0,0.0,0.0,0.0,0.0,0.0,77
245,895390,77,0.0,0.0,0.0,0.0,0.0,0.0,77
246,895410,77,0.0,0.0,0.0,0.0,0.0,0.0,77
247,895391,77,0.0,0.0,0.0,0.0,0.0,0.0,77
248,895409,77,0.0,0.0,0.0,0.0,0.0,0.0,77
249,895408,77,0.0,0.0,0.0,0.0,0.0,0.0,77
250,895392,77,0.0,0.0,0.0,0.0,0.0,0.0,77
251,895649,77,0.0,0.0,0.0,0.0,0.0,0.0,77
252,895650,77,0.0,0.0,0.0,0.0,0.0,0.0,77
253,895651,77,0.0,0.0,0.0,0.0,0.0,0.0,77
254,895652,77,0.0,0.0,0.0,0.0,0.0,0.0,77
255,895653,77,0.0,0.0,0.0,0.0,0.0,0.0,77
256,895393,77,0.0,0.0,0.0,0.0,0.0,0.0,77
257,895654,77,0.0,0.0,0.0,0.0,0.0,0.0,77
258,895655,77,0.0,0.0,0.0,0.0,0.0,0.0,77
259,895419,77,0.0,0.0,0.0,0.0,0.0,0.0,77
260,895420,77,0.0,0.0,0.0,0.0,0.0,0.0,77
261,895441,77,0.0,0.0,0.0,0.0,0.0,0.0,77
262,895444,77,0.0,0.0,0.0,0.0,0.0,0.0,77
263,895424,77,66.0,0.0,0.0,0.0,0.0,0.0,66
264,895423,77,0.0,0.0,0.0,0.0,0.0,0.0,77
265,895442,77,0.0,0.0,0.0,0.0,0.0,0.0,77
266,895422,77,0.0,0.0,0.0,0.0,0.0,0.0,77
267,895591,77,0.0,0.0,0.0,0.0,0.0,0.0,77
268,895617,77,0.0,0.0,0.0,0.0,0.0,0.0,77
269,895616,77,0.0,0.0,0.0,0.0,0.0,0.0,77
270,895592,77,0.0,0.0,0.0,0.0,0.0,0.0,77
271,895615,77,0.0,0.0,0.0,0.0,0.0,0.0,77
272,895593,77,0.0,0.0,0.0,0.0,0.0,0.0,77
273,895594,77,0.0,0.0,0.0,0.0,0.0,0.0,77
274,895614,77,0.0,0.0,0.0,0.0,0.0,0.0,77
275,895595,77,0.0,0.0,0.0,0.0,0.0,0.0,77
276,895613,77,0.0,0.0,0.0,0.0,0.0,0.0,77
277,895620,77,0.0,0.0,0.0,0.0,0.0,0.0,77
278,895621,77,0.0,0.0,0.0,0.0,0.0,0.0,77
279,895479,77,0.0,0.0,0.0,0.0,0.0,0.0,77
280,895472,77,0.0,0.0,0.0,0.0,0.0,0.0,77
281,895497,77,0.0,0.0,0.0,0.0,0.0,0.0,77
282,895478,77,0.0,0.0,0.0,0.0,0.0,0.0,77
283,895524,77,0.0,0.0,0.0,0.0,0.0,0.0,77
284,895501,77,0.0,0.0,0.0,0.0,0.0,0.0,77
285,895523,77,0.0,0.0,0.0,0.0,0.0,0.0,77
286,895522,77,0.0,0.0,0.0,0.0,0.0,0.0,77
287,895521,77,0.0,0.0,0.0,0.0,0.0,0.0,77
288,895520,77,0.0,0.0,0.0,0.0,0.0,0.0,77
289,895519,77,0.0,0.0,0.0,0.0,0.0,0.0,77
290,895526,77,0.0,0.0,0.0,0.0,0.0,0.0,77
291,895518,77,0.0,0.0,0.0,0.0,0.0,0.0,77
292,895517,77,0.0,0.0,0.0,0.0,0.0,0.0,77
293,895516,77,0.0,0.0,0.0,0.0,0.0,0.0,77
294,895529,77,0.0,0.0,0.0,0.0,0.0,0.0,77
295,895508,77,0.0,0.0,0.0,0.0,0.0,0.0,77
296,895532,77,0.0,0.0,0.0,0.0,0.0,0.0,77
297,895509,77,0.0,0.0,0.0,0.0,0.0,0.0,77
298,895510,77,0.0,0.0,0.0,0.0,0.0,0.0,77
299,895515,77,0.0,0.0,0.0,0.0,0.0,0.0,77
300,895528,77,0.0,0.0,0.0,0.0,0.0,0.0,77
301,895511,77,0.0,0.0,0.0,0.0,0.0,0.0,77
302,895512,77,0.0,0.0,0.0,0.0,0.0,0.0,77
303,895531,77,0.0,0.0,0.0,0.0,0.0,0.0,77
304,895470,77,66.0,0.0,0.0,0.0,0.0,0.0,66
305,895469,77,0.0,0.0,0.0,0.0,0.0,0.0,77
306,895467,77,66.0,0.0,0.0,0.0,0.0,0.0,66
307,895445,77,0.0,0.0,0.0,0.0,0.0,0.0,77
308,895446,77,0.0,0.0,0.0,0.0,0.0,0.0,77
309,895447,77,0.0,0.0,0.0,0.0,0.0,0.0,77
310,889280,77,66.0,0.0,0.0,0.0,0.0,0.0,66
311,889278,77,66.0,0.0,0.0,0.0,0.0,0.0,66
312,889281,77,66.0,0.0,0.0,0.0,0.0,0.0,66
313,889284,77,66.0,0.0,0.0,0.0,0.0,0.0,66
314,889295,77,0.0,0.0,0.0,0.0,0.0,0.0,77
315,889282,77,66.0,0.0,0.0,0.0,0.0,0.0,66
316,1042008,77,66.0,52.0,48.0,36.0,24.0,12.0,12
317,904063,77,66.0,0.0,0.0,0.0,0.0,0.0,66
318,903867,77,66.0,0.0,0.0,0.0,0.0,0.0,66
319,903856,77,0.0,0.0,0.0,0.0,0.0,0.0,77
320,903866,77,0.0,0.0,0.0,0.0,0.0,0.0,77
321,903860,77,0.0,0.0,0.0,0.0,0.0,0.0,77
322,903865,77,0.0,0.0,0.0,0.0,0.0,0.0,77
323,903864,77,0.0,0.0,0.0,0.0,0.0,0.0,77
324,903873,77,66.0,0.0,0.0,0.0,0.0,0.0,66
325,903874,77,0.0,0.0,0.0,0.0,0.0,0.0,77
326,903863,77,0.0,0.0,0.0,0.0,0.0,0.0,77
327,903862,77,66.0,0.0,0.0,0.0,0.0,0.0,66
328,903891,77,0.0,0.0,0.0,0.0,0.0,0.0,77
329,903904,77,0.0,0.0,0.0,0.0,0.0,0.0,77
330,903872,77,0.0,0.0,0.0,0.0,0.0,0.0,77
331,903861,77,0.0,0.0,0.0,0.0,0.0,0.0,77
332,903964,77,0.0,0.0,0.0,0.0,0.0,0.0,77
333,903997,77,0.0,0.0,0.0,0.0,0.0,0.0,77
334,903996,77,0.0,0.0,0.0,0.0,0.0,0.0,77
335,903995,77,0.0,0.0,0.0,0.0,0.0,0.0,77
336,903999,77,0.0,0.0,0.0,0.0,0.0,0.0,77
337,903965,77,0.0,0.0,0.0,0.0,0.0,0.0,77
338,895710,77,0.0,0.0,0.0,0.0,0.0,0.0,77
339,903966,77,0.0,0.0,0.0,0.0,0.0,0.0,77
340,895709,77,0.0,0.0,0.0,0.0,0.0,0.0,77
341,903968,77,0.0,0.0,0.0,0.0,0.0,0.0,77
342,895708,77,0.0,0.0,0.0,0.0,0.0,0.0,77
343,895707,77,0.0,0.0,0.0,0.0,0.0,0.0,77
344,895706,77,0.0,0.0,0.0,0.0,0.0,0.0,77
345,895696,77,0.0,0.0,0.0,0.0,0.0,0.0,77
346,895678,77,0.0,0.0,0.0,0.0,0.0,0.0,77
347,895694,77,0.0,0.0,0.0,0.0,0.0,0.0,77
348,895698,77,0.0,0.0,0.0,0.0,0.0,0.0,77
349,895693,77,0.0,0.0,0.0,0.0,0.0,0.0,77
350,895699,77,0.0,0.0,0.0,0.0,0.0,0.0,77
351,895700,77,0.0,0.0,0.0,0.0,0.0,0.0,77
352,895704,77,0.0,0.0,0.0,0.0,0.0,0.0,77
353,889840,77,0.0,0.0,0.0,0.0,0.0,0.0,77
354,889841,77,66.0,0.0,0.0,0.0,0.0,0.0,66
355,889843,77,66.0,0.0,0.0,0.0,0.0,0.0,66
356,889842,77,66.0,0.0,0.0,0.0,0.0,0.0,66
357,889844,77,66.0,0.0,0.0,0.0,0.0,0.0,66
358,1042009,77,66.0,0.0,0.0,0.0,0.0,0.0,66
359,1042005,77,66.0,52.0,48.0,36.0,24.0,12.0,12
360,889846,77,66.0,0.0,0.0,0.0,0.0,0.0,66
361,889845,77,66.0,0.0,0.0,0.0,0.0,0.0,66
362,1042006,77,66.0,0.0,0.0,0.0,0.0,0.0,66
363,890624,77,66.0,0.0,0.0,0.0,0.0,0.0,66
364,1042003,77,66.0,52.0,48.0,36.0,24.0,12.0,12
365,1042001,77,66.0,52.0,48.0,36.0,24.0,12.0,12
366,1042002,77,66.0,0.0,0.0,0.0,0.0,0.0,66
367,1042004,77,66.0,52.0,48.0,36.0,0.0,0.0,36
368,890625,77,66.0,0.0,0.0,0.0,0.0,0.0,66
369,890626,77,66.0,0.0,0.0,0.0,0.0,0.0,66
370,890627,77,66.0,0.0,0.0,0.0,0.0,0.0,66
371,1041999,77,66.0,52.0,48.0,36.0,24.0,12.0,12
372,890628,77,66.0,0.0,0.0,0.0,0.0,0.0,66
373,891460,77,66.0,0.0,0.0,0.0,0.0,0.0,66
374,891452,77,66.0,0.0,0.0,0.0,0.0,0.0,66
375,891453,77,0.0,0.0,0.0,0.0,0.0,0.0,77
376,1042000,77,66.0,52.0,48.0,36.0,0.0,0.0,36
377,891461,77,66.0,0.0,0.0,0.0,0.0,0.0,66
378,1041997,77,66.0,52.0,48.0,36.0,24.0,12.0,12
379,891465,77,0.0,0.0,0.0,0.0,0.0,0.0,77
380,891462,77,66.0,0.0,0.0,0.0,0.0,0.0,66
381,891463,77,66.0,0.0,0.0,0.0,0.0,0.0,66
382,891466,77,66.0,0.0,0.0,0.0,0.0,0.0,66
383,891464,77,66.0,0.0,0.0,0.0,0.0,0.0,66
384,1041998,77,66.0,52.0,48.0,36.0,24.0,12.0,12
385,892288,77,66.0,0.0,0.0,0.0,0.0,0.0,66
386,1041995,77,66.0,52.0,48.0,36.0,24.0,12.0,12
387,892287,77,66.0,0.0,0.0,0.0,0.0,0.0,66
388,892290,77,66.0,0.0,0.0,0.0,0.0,0.0,66
389,892292,77,66.0,0.0,0.0,0.0,0.0,0.0,66
390,892289,77,66.0,0.0,0.0,0.0,0.0,0.0,66
391,892291,77,66.0,0.0,0.0,0.0,0.0,0.0,66
392,1041996,77,66.0,52.0,48.0,36.0,0.0,0.0,36
393,1041992,77,66.0,52.0,48.0,36.0,24.0,12.0,12
394,892297,77,0.0,0.0,0.0,0.0,0.0,0.0,77
395,892298,77,66.0,0.0,0.0,0.0,0.0,0.0,66
396,892971,77,66.0,0.0,0.0,0.0,0.0,0.0,66
397,892973,77,66.0,0.0,0.0,0.0,0.0,0.0,66
398,892972,77,66.0,0.0,0.0,0.0,0.0,0.0,66
399,892974,77,66.0,52.0,0.0,0.0,0.0,0.0,52
400,1041993,77,66.0,52.0,48.0,36.0,24.0,12.0,12
401,892975,77,66.0,52.0,0.0,0.0,0.0,0.0,52
402,1042064,77,66.0,52.0,48.0,36.0,24.0,12.0,12
403,1042063,77,66.0,52.0,48.0,36.0,24.0,12.0,12
404,892984,77,66.0,0.0,0.0,0.0,0.0,0.0,66
405,892983,77,0.0,0.0,0.0,0.0,0.0,0.0,77
406,892986,77,66.0,0.0,0.0,0.0,0.0,0.0,66
407,892987,77,66.0,0.0,0.0,0.0,0.0,0.0,66
408,892985,77,66.0,0.0,0.0,0.0,0.0,0.0,66
409,892981,77,66.0,0.0,0.0,0.0,0.0,0.0,66
410,892982,77,66.0,0.0,0.0,0.0,0.0,0.0,66
411,893601,77,66.0,0.0,0.0,0.0,0.0,0.0,66
412,892978,77,66.0,52.0,0.0,0.0,0.0,0.0,52
413,892980,77,66.0,52.0,0.0,0.0,0.0,0.0,52
414,892976,77,66.0,0.0,0.0,0.0,0.0,0.0,66
415,892977,77,66.0,0.0,0.0,0.0,0.0,0.0,66
416,893602,77,66.0,0.0,0.0,0.0,0.0,0.0,66
417,893604,77,66.0,0.0,0.0,0.0,0.0,0.0,66
418,893603,77,66.0,0.0,0.0,0.0,0.0,0.0,66
419,892979,77,66.0,52.0,0.0,0.0,0.0,0.0,52
420,1042060,77,66.0,52.0,48.0,36.0,24.0,12.0,12
421,1042065,77,66.0,52.0,48.0,36.0,24.0,12.0,12
422,893599,77,66.0,0.0,0.0,0.0,0.0,0.0,66
423,893600,77,66.0,0.0,0.0,0.0,0.0,0.0,66
424,893617,77,66.0,0.0,0.0,0.0,0.0,0.0,66
425,893618,77,66.0,0.0,0.0,0.0,0.0,0.0,66
426,893606,77,66.0,0.0,0.0,0.0,0.0,0.0,66
427,893612,77,66.0,0.0,0.0,0.0,0.0,0.0,66
428,893613,77,66.0,0.0,0.0,0.0,0.0,0.0,66
429,893607,77,66.0,0.0,0.0,0.0,0.0,0.0,66
430,893608,77,66.0,0.0,0.0,0.0,0.0,0.0,66
431,893614,77,66.0,0.0,0.0,0.0,0.0,0.0,66
432,893605,77,66.0,0.0,0.0,0.0,0.0,0.0,66
433,980839,77,66.0,52.0,0.0,0.0,0.0,0.0,52
434,980831,77,66.0,52.0,0.0,0.0,0.0,0.0,52
435,980837,77,66.0,52.0,0.0,0.0,0.0,0.0,52
436,980836,77,66.0,52.0,0.0,0.0,0.0,0.0,52
437,980832,77,66.0,52.0,0.0,0.0,0.0,0.0,52
438,980835,77,66.0,52.0,0.0,0.0,0.0,0.0,52
439,980834,77,66.0,52.0,0.0,0.0,0.0,0.0,52
440,980833,77,66.0,52.0,0.0,0.0,0.0,0.0,52
441,980829,77,66.0,0.0,0.0,0.0,0.0,0.0,66
442,1041994,77,66.0,52.0,48.0,36.0,24.0,12.0,12
443,1042066,77,66.0,52.0,48.0,36.0,24.0,0.0,24
444,980838,77,66.0,52.0,0.0,0.0,0.0,0.0,52
445,893628,77,0.0,0.0,0.0,0.0,0.0,0.0,77
446,893620,77,66.0,0.0,0.0,0.0,0.0,0.0,66
447,893632,77,0.0,0.0,0.0,0.0,0.0,0.0,77
448,893631,77,0.0,0.0,0.0,0.0,0.0,0.0,77
449,893634,77,66.0,0.0,0.0,0.0,0.0,0.0,66
450,893616,77,66.0,0.0,0.0,0.0,0.0,0.0,66
451,893635,77,66.0,0.0,0.0,0.0,0.0,0.0,66
452,893619,77,66.0,0.0,0.0,0.0,0.0,0.0,66
453,893615,77,0.0,0.0,0.0,0.0,0.0,0.0,77
454,893621,77,0.0,0.0,0.0,0.0,0.0,0.0,77
455,893623,77,0.0,0.0,0.0,0.0,0.0,0.0,77
456,893624,77,0.0,0.0,0.0,0.0,0.0,0.0,77
457,893622,77,0.0,0.0,0.0,0.0,0.0,0.0,77
458,893996,77,66.0,0.0,0.0,0.0,0.0,0.0,66
459,893995,77,0.0,0.0,0.0,0.0,0.0,0.0,77
460,893611,77,66.0,0.0,0.0,0.0,0.0,0.0,66
461,893609,77,66.0,0.0,0.0,0.0,0.0,0.0,66
462,893610,77,66.0,0.0,0.0,0.0,0.0,0.0,66
463,893997,77,66.0,0.0,0.0,0.0,0.0,0.0,66
464,980828,77,66.0,0.0,0.0,0.0,0.0,0.0,66
465,980830,77,66.0,0.0,0.0,0.0,0.0,0.0,66
466,980840,77,66.0,52.0,48.0,0.0,0.0,0.0,48
467,980841,77,66.0,52.0,48.0,0.0,0.0,0.0,48
468,980842,77,66.0,52.0,48.0,0.0,0.0,0.0,48
469,980843,77,66.0,52.0,48.0,0.0,0.0,0.0,48
470,980844,77,66.0,52.0,0.0,0.0,0.0,0.0,52
471,980849,77,66.0,52.0,48.0,0.0,0.0,0.0,48
472,980850,77,66.0,52.0,0.0,0.0,0.0,0.0,52
473,1042061,77,66.0,52.0,48.0,36.0,24.0,12.0,12
474,980845,77,66.0,0.0,0.0,0.0,0.0,0.0,66
475,893994,77,0.0,0.0,0.0,0.0,0.0,0.0,77
476,893998,77,0.0,0.0,0.0,0.0,0.0,0.0,77
477,980826,77,66.0,0.0,0.0,0.0,0.0,0.0,66
478,980815,77,0.0,0.0,0.0,0.0,0.0,0.0,77
479,980809,77,0.0,0.0,0.0,0.0,0.0,0.0,77
480,980816,77,66.0,0.0,0.0,0.0,0.0,0.0,66
481,980817,77,66.0,0.0,0.0,0.0,0.0,0.0,66
482,980825,77,66.0,0.0,0.0,0.0,0.0,0.0,66
483,980818,77,66.0,0.0,0.0,0.0,0.0,0.0,66
484,980824,77,66.0,0.0,0.0,0.0,0.0,0.0,66
485,980819,77,66.0,0.0,0.0,0.0,0.0,0.0,66
486,980820,77,66.0,0.0,0.0,0.0,0.0,0.0,66
487,980827,77,66.0,0.0,0.0,0.0,0.0,0.0,66
488,980851,77,66.0,52.0,0.0,0.0,0.0,0.0,52
489,980861,77,66.0,0.0,0.0,0.0,0.0,0.0,66
490,980852,77,66.0,52.0,0.0,0.0,0.0,0.0,52
491,980860,77,66.0,0.0,0.0,0.0,0.0,0.0,66
492,980846,77,66.0,0.0,0.0,0.0,0.0,0.0,66
493,980847,77,66.0,52.0,48.0,0.0,0.0,0.0,48
494,980848,77,66.0,52.0,0.0,0.0,0.0,0.0,52
495,981757,77,66.0,52.0,48.0,0.0,0.0,0.0,48
496,981756,77,66.0,52.0,48.0,0.0,0.0,0.0,48
497,981748,77,66.0,52.0,48.0,0.0,0.0,0.0,48
498,981759,77,66.0,52.0,48.0,0.0,0.0,0.0,48
499,981749,77,66.0,52.0,48.0,0.0,0.0,0.0,48
500,981750,77,66.0,52.0,48.0,0.0,0.0,0.0,48
501,980810,77,0.0,0.0,0.0,0.0,0.0,0.0,77
502,980811,77,0.0,0.0,0.0,0.0,0.0,0.0,77
503,980813,77,0.0,0.0,0.0,0.0,0.0,0.0,77
504,980812,77,0.0,0.0,0.0,0.0,0.0,0.0,77
505,980821,77,66.0,0.0,0.0,0.0,0.0,0.0,66
506,980822,77,0.0,0.0,0.0,0.0,0.0,0.0,77
507,980823,77,0.0,0.0,0.0,0.0,0.0,0.0,77
508,980865,77,66.0,0.0,0.0,0.0,0.0,0.0,66
509,980864,77,66.0,0.0,0.0,0.0,0.0,0.0,66
510,980863,77,66.0,0.0,0.0,0.0,0.0,0.0,66
511,980871,77,0.0,0.0,0.0,0.0,0.0,0.0,77
512,980857,77,66.0,0.0,0.0,0.0,0.0,0.0,66
513,980856,77,66.0,0.0,0.0,0.0,0.0,0.0,66
514,980855,77,66.0,0.0,0.0,0.0,0.0,0.0,66
515,980853,77,66.0,0.0,0.0,0.0,0.0,0.0,66
516,980858,77,66.0,0.0,0.0,0.0,0.0,0.0,66
517,980854,77,66.0,0.0,0.0,0.0,0.0,0.0,66
518,980859,77,66.0,0.0,0.0,0.0,0.0,0.0,66
519,981737,77,66.0,0.0,0.0,0.0,0.0,0.0,66
520,981743,77,66.0,0.0,0.0,0.0,0.0,0.0,66
521,981745,77,66.0,52.0,0.0,0.0,0.0,0.0,52
522,981747,77,66.0,52.0,0.0,0.0,0.0,0.0,52
523,981746,77,66.0,52.0,0.0,0.0,0.0,0.0,52
524,981744,77,66.0,0.0,0.0,0.0,0.0,0.0,66
525,981751,77,66.0,52.0,48.0,0.0,0.0,0.0,48
526,981752,77,66.0,52.0,48.0,0.0,0.0,0.0,48
527,981753,77,66.0,52.0,48.0,0.0,0.0,0.0,48
528,981754,77,66.0,52.0,48.0,0.0,0.0,0.0,48
529,981755,77,66.0,52.0,48.0,0.0,0.0,0.0,48
530,981758,77,66.0,52.0,48.0,0.0,0.0,0.0,48
531,1042010,77,66.0,52.0,48.0,36.0,24.0,12.0,12
532,980866,77,0.0,0.0,0.0,0.0,0.0,0.0,77
533,981736,77,66.0,0.0,0.0,0.0,0.0,0.0,66
534,981738,77,66.0,0.0,0.0,0.0,0.0,0.0,66
535,981741,77,66.0,0.0,0.0,0.0,0.0,0.0,66
536,981742,77,66.0,0.0,0.0,0.0,0.0,0.0,66
537,981739,77,0.0,0.0,0.0,0.0,0.0,0.0,77
538,981763,77,0.0,0.0,0.0,0.0,0.0,0.0,77
539,981760,77,66.0,0.0,0.0,0.0,0.0,0.0,66
540,1042007,77,66.0,52.0,48.0,36.0,24.0,12.0,12
541,1042011,77,66.0,52.0,48.0,36.0,24.0,12.0,12
542,1042012,77,66.0,52.0,48.0,36.0,24.0,12.0,12
543,982379,77,66.0,0.0,0.0,0.0,0.0,0.0,66
544,982377,77,66.0,0.0,0.0,0.0,0.0,0.0,66
545,982378,77,0.0,0.0,0.0,0.0,0.0,0.0,77
546,1042013,77,66.0,52.0,48.0,0.0,0.0,0.0,48
547,1042016,77,66.0,52.0,48.0,36.0,24.0,12.0,12
548,982366,77,0.0,0.0,0.0,0.0,0.0,0.0,77
549,982372,77,0.0,0.0,0.0,0.0,0.0,0.0,77
550,982373,77,66.0,0.0,0.0,0.0,0.0,0.0,66
551,982374,77,0.0,0.0,0.0,0.0,0.0,0.0,77
552,982380,77,66.0,0.0,0.0,0.0,0.0,0.0,66
553,1042017,77,66.0,52.0,48.0,36.0,24.0,12.0,12
554,1042020,77,0.0,0.0,0.0,0.0,0.0,0.0,77
555,982367,77,66.0,0.0,0.0,0.0,0.0,0.0,66
556,982364,77,66.0,0.0,0.0,0.0,0.0,0.0,66
557,982381,77,66.0,0.0,0.0,0.0,0.0,0.0,66
558,982382,77,66.0,0.0,0.0,0.0,0.0,0.0,66
559,982383,77,66.0,0.0,0.0,0.0,0.0,0.0,66
560,1042023,77,66.0,52.0,48.0,36.0,24.0,12.0,12
561,982385,77,66.0,0.0,0.0,0.0,0.0,0.0,66
562,982387,77,0.0,0.0,0.0,0.0,0.0,0.0,77
563,982386,77,66.0,0.0,0.0,0.0,0.0,0.0,66
564,982388,77,66.0,0.0,0.0,0.0,0.0,0.0,66
565,982384,77,66.0,0.0,0.0,0.0,0.0,0.0,66
566,1042024,77,66.0,52.0,48.0,36.0,24.0,12.0,12
567,1042027,77,66.0,52.0,48.0,36.0,24.0,12.0,12
568,982908,77,66.0,0.0,0.0,0.0,0.0,0.0,66
569,982909,77,66.0,0.0,0.0,0.0,0.0,0.0,66
570,982906,77,66.0,0.0,0.0,0.0,0.0,0.0,66
571,1042028,77,66.0,52.0,48.0,36.0,24.0,12.0,12
572,1042031,77,66.0,52.0,48.0,36.0,24.0,12.0,12
573,982903,77,0.0,0.0,0.0,0.0,0.0,0.0,77
574,982902,77,0.0,0.0,0.0,0.0,0.0,0.0,77
575,982907,77,66.0,0.0,0.0,0.0,0.0,0.0,66
576,982901,77,66.0,0.0,0.0,0.0,0.0,0.0,66
577,1042032,77,66.0,52.0,48.0,36.0,24.0,12.0,12
578,1042033,77,66.0,52.0,48.0,36.0,24.0,12.0,12
579,982911,77,66.0,0.0,0.0,0.0,0.0,0.0,66
580,982910,77,66.0,0.0,0.0,0.0,0.0,0.0,66
581,1042034,77,66.0,52.0,48.0,36.0,24.0,12.0,12
582,1042037,77,66.0,52.0,48.0,36.0,24.0,12.0,12
583,981889,77,0.0,0.0,0.0,0.0,0.0,0.0,77
584,981880,77,0.0,0.0,0.0,0.0,0.0,0.0,77
585,982255,77,66.0,0.0,0.0,0.0,0.0,0.0,66
586,981864,77,0.0,0.0,0.0,0.0,0.0,0.0,77
587,982945,77,0.0,0.0,0.0,0.0,0.0,0.0,77
588,1042038,77,66.0,52.0,48.0,36.0,24.0,12.0,12
589,981898,77,0.0,0.0,0.0,0.0,0.0,0.0,77
590,981899,77,66.0,0.0,0.0,0.0,0.0,0.0,66
591,981975,77,66.0,0.0,0.0,0.0,0.0,0.0,66
592,981900,77,66.0,0.0,0.0,0.0,0.0,0.0,66
593,981901,77,66.0,0.0,0.0,0.0,0.0,0.0,66
594,981952,77,66.0,0.0,0.0,0.0,0.0,0.0,66
595,981951,77,66.0,0.0,0.0,0.0,0.0,0.0,66
596,981922,77,66.0,0.0,0.0,0.0,0.0,0.0,66
597,981950,77,66.0,0.0,0.0,0.0,0.0,0.0,66
598,981923,77,66.0,0.0,0.0,0.0,0.0,0.0,66
599,981949,77,66.0,0.0,0.0,0.0,0.0,0.0,66
600,981924,77,66.0,0.0,0.0,0.0,0.0,0.0,66
601,981948,77,66.0,0.0,0.0,0.0,0.0,0.0,66
602,981925,77,66.0,0.0,0.0,0.0,0.0,0.0,66
603,981876,77,0.0,0.0,0.0,0.0,0.0,0.0,77
604,981892,77,66.0,0.0,0.0,0.0,0.0,0.0,66
605,981877,77,0.0,0.0,0.0,0.0,0.0,0.0,77
606,981878,77,0.0,0.0,0.0,0.0,0.0,0.0,77
607,981866,77,66.0,0.0,0.0,0.0,0.0,0.0,66
608,981879,77,0.0,0.0,0.0,0.0,0.0,0.0,77
609,981891,77,0.0,0.0,0.0,0.0,0.0,0.0,77
610,981890,77,66.0,0.0,0.0,0.0,0.0,0.0,66
611,981872,77,66.0,0.0,0.0,0.0,0.0,0.0,66
612,981871,77,66.0,0.0,0.0,0.0,0.0,0.0,66
613,981870,77,66.0,0.0,0.0,0.0,0.0,0.0,66
614,981887,77,66.0,0.0,0.0,0.0,0.0,0.0,66
615,981867,77,66.0,0.0,0.0,0.0,0.0,0.0,66
616,981869,77,66.0,0.0,0.0,0.0,0.0,0.0,66
617,981868,77,66.0,0.0,0.0,0.0,0.0,0.0,66
618,981902,77,66.0,0.0,0.0,0.0,0.0,0.0,66
619,981865,77,0.0,0.0,0.0,0.0,0.0,0.0,77
620,982250,77,66.0,0.0,0.0,0.0,0.0,0.0,66
621,982254,77,66.0,0.0,0.0,0.0,0.0,0.0,66
622,982251,77,0.0,0.0,0.0,0.0,0.0,0.0,77
623,982532,77,0.0,0.0,0.0,0.0,0.0,0.0,77
624,982538,77,66.0,0.0,0.0,0.0,0.0,0.0,66
625,982541,77,0.0,0.0,0.0,0.0,0.0,0.0,77
626,982542,77,66.0,0.0,0.0,0.0,0.0,0.0,66
627,982506,77,66.0,0.0,0.0,0.0,0.0,0.0,66
628,982927,77,0.0,0.0,0.0,0.0,0.0,0.0,77
629,982946,77,0.0,0.0,0.0,0.0,0.0,0.0,77
630,981942,77,66.0,0.0,0.0,0.0,0.0,0.0,66
631,981963,77,0.0,0.0,0.0,0.0,0.0,0.0,77
632,981978,77,66.0,0.0,0.0,0.0,0.0,0.0,66
633,981941,77,66.0,0.0,0.0,0.0,0.0,0.0,66
634,981940,77,66.0,0.0,0.0,0.0,0.0,0.0,66
635,981939,77,66.0,0.0,0.0,0.0,0.0,0.0,66
636,981933,77,66.0,0.0,0.0,0.0,0.0,0.0,66
637,981938,77,66.0,0.0,0.0,0.0,0.0,0.0,66
638,981934,77,66.0,0.0,0.0,0.0,0.0,0.0,66
639,981937,77,66.0,0.0,0.0,0.0,0.0,0.0,66
640,981935,77,66.0,0.0,0.0,0.0,0.0,0.0,66
641,981936,77,66.0,0.0,0.0,0.0,0.0,0.0,66
642,981947,77,66.0,0.0,0.0,0.0,0.0,0.0,66
643,981946,77,66.0,0.0,0.0,0.0,0.0,0.0,66
644,981926,77,66.0,0.0,0.0,0.0,0.0,0.0,66
645,981945,77,66.0,0.0,0.0,0.0,0.0,0.0,66
646,981921,77,66.0,0.0,0.0,0.0,0.0,0.0,66
647,981927,77,66.0,0.0,0.0,0.0,0.0,0.0,66
648,981982,77,66.0,0.0,0.0,0.0,0.0,0.0,66
649,981944,77,66.0,0.0,0.0,0.0,0.0,0.0,66
650,981928,77,66.0,0.0,0.0,0.0,0.0,0.0,66
651,981983,77,66.0,0.0,0.0,0.0,0.0,0.0,66
652,981984,77,66.0,0.0,0.0,0.0,0.0,0.0,66
653,981987,77,66.0,0.0,0.0,0.0,0.0,0.0,66
654,981977,77,66.0,0.0,0.0,0.0,0.0,0.0,66
655,981929,77,66.0,0.0,0.0,0.0,0.0,0.0,66
656,981981,77,66.0,0.0,0.0,0.0,0.0,0.0,66
657,981943,77,66.0,0.0,0.0,0.0,0.0,0.0,66
658,981920,77,66.0,0.0,0.0,0.0,0.0,0.0,66
659,981919,77,66.0,0.0,0.0,0.0,0.0,0.0,66
660,981986,77,66.0,0.0,0.0,0.0,0.0,0.0,66
661,981930,77,66.0,0.0,0.0,0.0,0.0,0.0,66
662,981931,77,66.0,0.0,0.0,0.0,0.0,0.0,66
663,981980,77,66.0,0.0,0.0,0.0,0.0,0.0,66
664,981918,77,66.0,0.0,0.0,0.0,0.0,0.0,66
665,981932,77,66.0,0.0,0.0,0.0,0.0,0.0,66
666,981917,77,66.0,0.0,0.0,0.0,0.0,0.0,66
667,981906,77,66.0,0.0,0.0,0.0,0.0,0.0,66
668,981916,77,66.0,0.0,0.0,0.0,0.0,0.0,66
669,981905,77,66.0,0.0,0.0,0.0,0.0,0.0,66
670,981915,77,66.0,0.0,0.0,0.0,0.0,0.0,66
671,982224,77,66.0,0.0,0.0,0.0,0.0,0.0,66
672,981979,77,66.0,0.0,0.0,0.0,0.0,0.0,66
673,981903,77,66.0,0.0,0.0,0.0,0.0,0.0,66
674,981904,77,66.0,0.0,0.0,0.0,0.0,0.0,66
675,982202,77,66.0,0.0,0.0,0.0,0.0,0.0,66
676,982229,77,66.0,0.0,0.0,0.0,0.0,0.0,66
677,982203,77,66.0,0.0,0.0,0.0,0.0,0.0,66
678,982228,77,66.0,0.0,0.0,0.0,0.0,0.0,66
679,982240,77,66.0,0.0,0.0,0.0,0.0,0.0,66
680,982227,77,66.0,0.0,0.0,0.0,0.0,0.0,66
681,982226,77,66.0,0.0,0.0,0.0,0.0,0.0,66
682,982245,77,66.0,0.0,0.0,0.0,0.0,0.0,66
683,982239,77,66.0,0.0,0.0,0.0,0.0,0.0,66
684,982248,77,66.0,0.0,0.0,0.0,0.0,0.0,66
685,982247,77,66.0,0.0,0.0,0.0,0.0,0.0,66
686,982233,77,66.0,0.0,0.0,0.0,0.0,0.0,66
687,982253,77,66.0,0.0,0.0,0.0,0.0,0.0,66
688,982232,77,66.0,0.0,0.0,0.0,0.0,0.0,66
689,982576,77,0.0,0.0,0.0,0.0,0.0,0.0,77
690,982252,77,0.0,0.0,0.0,0.0,0.0,0.0,77
691,982546,77,66.0,0.0,0.0,0.0,0.0,0.0,66
692,982574,77,66.0,0.0,0.0,0.0,0.0,0.0,66
693,982545,77,66.0,0.0,0.0,0.0,0.0,0.0,66
694,982573,77,0.0,0.0,0.0,0.0,0.0,0.0,77
695,982572,77,66.0,0.0,0.0,0.0,0.0,0.0,66
696,982571,77,66.0,0.0,0.0,0.0,0.0,0.0,66
697,982570,77,66.0,0.0,0.0,0.0,0.0,0.0,66
698,982543,77,66.0,0.0,0.0,0.0,0.0,0.0,66
699,982548,77,66.0,0.0,0.0,0.0,0.0,0.0,66
700,982544,77,66.0,0.0,0.0,0.0,0.0,0.0,66
701,982549,77,0.0,0.0,0.0,0.0,0.0,0.0,77
702,982550,77,66.0,0.0,0.0,0.0,0.0,0.0,66
703,982578,77,66.0,0.0,0.0,0.0,0.0,0.0,66
704,982577,77,66.0,0.0,0.0,0.0,0.0,0.0,66
705,982558,77,66.0,0.0,0.0,0.0,0.0,0.0,66
706,982559,77,66.0,0.0,0.0,0.0,0.0,0.0,66
707,982551,77,66.0,0.0,0.0,0.0,0.0,0.0,66
708,982547,77,66.0,0.0,0.0,0.0,0.0,0.0,66
709,982552,77,66.0,0.0,0.0,0.0,0.0,0.0,66
710,982557,77,66.0,0.0,0.0,0.0,0.0,0.0,66
711,982560,77,66.0,0.0,0.0,0.0,0.0,0.0,66
712,982553,77,66.0,0.0,0.0,0.0,0.0,0.0,66
713,982556,77,66.0,0.0,0.0,0.0,0.0,0.0,66
714,982554,77,66.0,0.0,0.0,0.0,0.0,0.0,66
715,982561,77,66.0,0.0,0.0,0.0,0.0,0.0,66
716,982555,77,66.0,0.0,0.0,0.0,0.0,0.0,66
717,982565,77,66.0,0.0,0.0,0.0,0.0,0.0,66
718,982563,77,66.0,0.0,0.0,0.0,0.0,0.0,66
719,982562,77,66.0,0.0,0.0,0.0,0.0,0.0,66
720,982580,77,66.0,0.0,0.0,0.0,0.0,0.0,66
721,982564,77,66.0,0.0,0.0,0.0,0.0,0.0,66
722,982581,77,66.0,0.0,0.0,0.0,0.0,0.0,66
723,982860,77,66.0,0.0,0.0,0.0,0.0,0.0,66
724,982821,77,66.0,0.0,0.0,0.0,0.0,0.0,66
725,982818,77,66.0,0.0,0.0,0.0,0.0,0.0,66
726,982849,77,66.0,0.0,0.0,0.0,0.0,0.0,66
727,982848,77,66.0,0.0,0.0,0.0,0.0,0.0,66
728,982864,77,66.0,0.0,0.0,0.0,0.0,0.0,66
729,1041826,77,66.0,0.0,0.0,0.0,0.0,0.0,66
730,1041827,77,66.0,0.0,0.0,0.0,0.0,0.0,66
731,982928,77,66.0,52.0,48.0,36.0,24.0,12.0,12
732,981913,77,66.0,0.0,0.0,0.0,0.0,0.0,66
733,981976,77,66.0,0.0,0.0,0.0,0.0,0.0,66
734,981907,77,66.0,0.0,0.0,0.0,0.0,0.0,66
735,981908,77,66.0,0.0,0.0,0.0,0.0,0.0,66
736,982243,77,66.0,0.0,0.0,0.0,0.0,0.0,66
737,981914,77,66.0,0.0,0.0,0.0,0.0,0.0,66
738,981909,77,66.0,0.0,0.0,0.0,0.0,0.0,66
739,981910,77,66.0,0.0,0.0,0.0,0.0,0.0,66
740,982222,77,66.0,0.0,0.0,0.0,0.0,0.0,66
741,981911,77,66.0,0.0,0.0,0.0,0.0,0.0,66
742,981912,77,66.0,0.0,0.0,0.0,0.0,0.0,66
743,982221,77,66.0,0.0,0.0,0.0,0.0,0.0,66
744,982234,77,66.0,0.0,0.0,0.0,0.0,0.0,66
745,982242,77,66.0,0.0,0.0,0.0,0.0,0.0,66
746,982238,77,66.0,0.0,0.0,0.0,0.0,0.0,66
747,982237,77,66.0,0.0,0.0,0.0,0.0,0.0,66
748,982220,77,66.0,0.0,0.0,0.0,0.0,0.0,66
749,982236,77,66.0,0.0,0.0,0.0,0.0,0.0,66
750,982241,77,66.0,0.0,0.0,0.0,0.0,0.0,66
751,982244,77,66.0,0.0,0.0,0.0,0.0,0.0,66
752,982196,77,0.0,0.0,0.0,0.0,0.0,0.0,77
753,982235,77,66.0,0.0,0.0,0.0,0.0,0.0,66
754,982225,77,66.0,0.0,0.0,0.0,0.0,0.0,66
755,982223,77,66.0,0.0,0.0,0.0,0.0,0.0,66
756,982210,77,66.0,0.0,0.0,0.0,0.0,0.0,66
757,982211,77,66.0,0.0,0.0,0.0,0.0,0.0,66
758,982212,77,66.0,0.0,0.0,0.0,0.0,0.0,66
759,982231,77,66.0,0.0,0.0,0.0,0.0,0.0,66
760,982246,77,66.0,0.0,0.0,0.0,0.0,0.0,66
761,982213,77,66.0,0.0,0.0,0.0,0.0,0.0,66
762,982230,77,66.0,0.0,0.0,0.0,0.0,0.0,66
763,982219,77,66.0,0.0,0.0,0.0,0.0,0.0,66
764,982204,77,66.0,0.0,0.0,0.0,0.0,0.0,66
765,982205,77,66.0,0.0,0.0,0.0,0.0,0.0,66
766,982206,77,66.0,0.0,0.0,0.0,0.0,0.0,66
767,982569,77,66.0,0.0,0.0,0.0,0.0,0.0,66
768,982207,77,66.0,0.0,0.0,0.0,0.0,0.0,66
769,982249,77,66.0,0.0,0.0,0.0,0.0,0.0,66
770,982208,77,66.0,0.0,0.0,0.0,0.0,0.0,66
771,982582,77,66.0,0.0,0.0,0.0,0.0,0.0,66
772,982209,77,66.0,0.0,0.0,0.0,0.0,0.0,66
773,982587,77,66.0,0.0,0.0,0.0,0.0,0.0,66
774,982586,77,66.0,0.0,0.0,0.0,0.0,0.0,66
775,982583,77,66.0,0.0,0.0,0.0,0.0,0.0,66
776,982584,77,66.0,0.0,0.0,0.0,0.0,0.0,66
777,982585,77,66.0,0.0,0.0,0.0,0.0,0.0,66
778,982601,77,66.0,0.0,0.0,0.0,0.0,0.0,66
779,982600,77,66.0,0.0,0.0,0.0,0.0,0.0,66
780,982604,77,66.0,0.0,0.0,0.0,0.0,0.0,66
781,982608,77,66.0,0.0,0.0,0.0,0.0,0.0,66
782,982568,77,66.0,0.0,0.0,0.0,0.0,0.0,66
783,982567,77,66.0,0.0,0.0,0.0,0.0,0.0,66
784,982579,77,66.0,0.0,0.0,0.0,0.0,0.0,66
785,982566,77,66.0,0.0,0.0,0.0,0.0,0.0,66
786,982817,77,66.0,0.0,0.0,0.0,0.0,0.0,66
787,982816,77,66.0,0.0,0.0,0.0,0.0,0.0,66
788,982820,77,66.0,0.0,0.0,0.0,0.0,0.0,66
789,982822,77,66.0,0.0,0.0,0.0,0.0,0.0,66
790,982826,77,66.0,0.0,0.0,0.0,0.0,0.0,66
791,982828,77,66.0,0.0,0.0,0.0,0.0,0.0,66
792,982815,77,66.0,0.0,0.0,0.0,0.0,0.0,66
793,982809,77,66.0,0.0,0.0,0.0,0.0,0.0,66
794,982819,77,66.0,0.0,0.0,0.0,0.0,0.0,66
795,982810,77,66.0,0.0,0.0,0.0,0.0,0.0,66
796,1041825,77,66.0,52.0,0.0,0.0,0.0,0.0,52
797,982931,77,66.0,0.0,0.0,0.0,0.0,0.0,66
798,1041847,77,66.0,0.0,0.0,0.0,0.0,0.0,66
799,1041845,77,66.0,0.0,0.0,0.0,0.0,0.0,66
800,1041852,77,66.0,0.0,0.0,0.0,0.0,0.0,66
801,1041851,77,66.0,0.0,0.0,0.0,0.0,0.0,66
802,1041850,77,66.0,0.0,0.0,0.0,0.0,0.0,66
803,1041848,77,66.0,0.0,0.0,0.0,0.0,0.0,66
804,1041853,77,66.0,0.0,0.0,0.0,0.0,0.0,66
805,982947,77,66.0,52.0,48.0,36.0,24.0,12.0,12
806,1041846,77,66.0,0.0,0.0,0.0,0.0,0.0,66
807,982218,77,66.0,0.0,0.0,0.0,0.0,0.0,66
808,982201,77,0.0,0.0,0.0,0.0,0.0,0.0,77
809,982200,77,0.0,0.0,0.0,0.0,0.0,0.0,77
810,982191,77,66.0,0.0,0.0,0.0,0.0,0.0,66
811,982194,77,0.0,0.0,0.0,0.0,0.0,0.0,77
812,982192,77,66.0,0.0,0.0,0.0,0.0,0.0,66
813,982193,77,66.0,0.0,0.0,0.0,0.0,0.0,66
814,982602,77,66.0,0.0,0.0,0.0,0.0,0.0,66
815,982607,77,66.0,0.0,0.0,0.0,0.0,0.0,66
816,982605,77,66.0,0.0,0.0,0.0,0.0,0.0,66
817,982214,77,66.0,0.0,0.0,0.0,0.0,0.0,66
818,982606,77,66.0,0.0,0.0,0.0,0.0,0.0,66
819,982215,77,66.0,0.0,0.0,0.0,0.0,0.0,66
820,982603,77,66.0,0.0,0.0,0.0,0.0,0.0,66
821,982216,77,66.0,0.0,0.0,0.0,0.0,0.0,66
822,982612,77,66.0,0.0,0.0,0.0,0.0,0.0,66
823,982217,77,66.0,0.0,0.0,0.0,0.0,0.0,66
824,982598,77,66.0,0.0,0.0,0.0,0.0,0.0,66
825,982588,77,66.0,0.0,0.0,0.0,0.0,0.0,66
826,982597,77,66.0,0.0,0.0,0.0,0.0,0.0,66
827,982596,77,66.0,0.0,0.0,0.0,0.0,0.0,66
828,982611,77,66.0,0.0,0.0,0.0,0.0,0.0,66
829,982595,77,66.0,0.0,0.0,0.0,0.0,0.0,66
830,982610,77,66.0,0.0,0.0,0.0,0.0,0.0,66
831,982590,77,66.0,0.0,0.0,0.0,0.0,0.0,66
832,982599,77,66.0,0.0,0.0,0.0,0.0,0.0,66
833,982594,77,66.0,0.0,0.0,0.0,0.0,0.0,66
834,982613,77,66.0,0.0,0.0,0.0,0.0,0.0,66
835,982593,77,66.0,0.0,0.0,0.0,0.0,0.0,66
836,982592,77,66.0,0.0,0.0,0.0,0.0,0.0,66
837,982614,77,66.0,0.0,0.0,0.0,0.0,0.0,66
838,982609,77,66.0,0.0,0.0,0.0,0.0,0.0,66
839,982589,77,66.0,0.0,0.0,0.0,0.0,0.0,66
840,982804,77,66.0,52.0,0.0,0.0,0.0,0.0,52
841,982798,77,66.0,52.0,0.0,0.0,0.0,0.0,52
842,982814,77,66.0,0.0,0.0,0.0,0.0,0.0,66
843,982827,77,66.0,0.0,0.0,0.0,0.0,0.0,66
844,982813,77,66.0,0.0,0.0,0.0,0.0,0.0,66
845,982812,77,66.0,0.0,0.0,0.0,0.0,0.0,66
846,982825,77,66.0,0.0,0.0,0.0,0.0,0.0,66
847,982823,77,66.0,0.0,0.0,0.0,0.0,0.0,66
848,982824,77,66.0,0.0,0.0,0.0,0.0,0.0,66
849,982789,77,66.0,52.0,0.0,0.0,0.0,0.0,52
850,982811,77,66.0,0.0,0.0,0.0,0.0,0.0,66
851,982932,77,66.0,52.0,0.0,0.0,0.0,0.0,52
852,1041843,77,66.0,52.0,0.0,0.0,0.0,0.0,52
853,1041844,77,66.0,0.0,0.0,0.0,0.0,0.0,66
854,1041841,77,66.0,52.0,0.0,0.0,0.0,0.0,52
855,1041849,77,66.0,0.0,0.0,0.0,0.0,0.0,66
856,1041839,77,66.0,0.0,0.0,0.0,0.0,0.0,66
857,982948,77,66.0,0.0,0.0,0.0,0.0,0.0,66
858,1041837,77,66.0,52.0,0.0,0.0,0.0,0.0,52
859,1041918,77,66.0,52.0,48.0,36.0,24.0,12.0,12
860,1041912,77,66.0,52.0,48.0,36.0,24.0,12.0,12
861,1041913,77,66.0,0.0,0.0,0.0,0.0,0.0,66
862,1042054,77,66.0,52.0,48.0,36.0,24.0,12.0,12
863,1042046,77,66.0,52.0,48.0,36.0,24.0,12.0,12
864,982672,77,0.0,0.0,0.0,0.0,0.0,0.0,77
865,982694,77,66.0,0.0,0.0,0.0,0.0,0.0,66
866,982689,77,66.0,0.0,0.0,0.0,0.0,0.0,66
867,982591,77,66.0,0.0,0.0,0.0,0.0,0.0,66
868,982670,77,66.0,0.0,0.0,0.0,0.0,0.0,66
869,982615,77,66.0,0.0,0.0,0.0,0.0,0.0,66
870,982616,77,66.0,0.0,0.0,0.0,0.0,0.0,66
871,982673,77,66.0,0.0,0.0,0.0,0.0,0.0,66
872,982695,77,66.0,0.0,0.0,0.0,0.0,0.0,66
873,982674,77,0.0,0.0,0.0,0.0,0.0,0.0,77
874,982669,77,0.0,0.0,0.0,0.0,0.0,0.0,77
875,982796,77,66.0,52.0,0.0,0.0,0.0,0.0,52
876,982808,77,66.0,52.0,0.0,0.0,0.0,0.0,52
877,982806,77,66.0,52.0,0.0,0.0,0.0,0.0,52
878,982807,77,66.0,52.0,0.0,0.0,0.0,0.0,52
879,982799,77,66.0,52.0,0.0,0.0,0.0,0.0,52
880,982805,77,66.0,52.0,0.0,0.0,0.0,0.0,52
881,982746,77,66.0,52.0,0.0,0.0,0.0,0.0,52
882,982797,77,66.0,52.0,0.0,0.0,0.0,0.0,52
883,982790,77,66.0,52.0,0.0,0.0,0.0,0.0,52
884,982792,77,66.0,52.0,0.0,0.0,0.0,0.0,52
885,982794,77,66.0,52.0,0.0,0.0,0.0,0.0,52
886,982793,77,66.0,52.0,0.0,0.0,0.0,0.0,52
887,982800,77,66.0,52.0,0.0,0.0,0.0,0.0,52
888,982802,77,66.0,52.0,0.0,0.0,0.0,0.0,52
889,982803,77,66.0,52.0,0.0,0.0,0.0,0.0,52
890,982801,77,66.0,52.0,0.0,0.0,0.0,0.0,52
891,982791,77,66.0,52.0,0.0,0.0,0.0,0.0,52
892,1041824,77,66.0,52.0,0.0,0.0,0.0,0.0,52
893,1041838,77,66.0,52.0,0.0,0.0,0.0,0.0,52
894,1041840,77,66.0,52.0,0.0,0.0,0.0,0.0,52
895,1041842,77,66.0,52.0,0.0,0.0,0.0,0.0,52
896,1041865,77,66.0,52.0,0.0,0.0,0.0,0.0,52
897,1041861,77,66.0,52.0,0.0,0.0,0.0,0.0,52
898,1041863,77,66.0,52.0,0.0,0.0,0.0,0.0,52
899,1041860,77,66.0,0.0,0.0,0.0,0.0,0.0,66
900,1041864,77,66.0,0.0,0.0,0.0,0.0,0.0,66
901,1041859,77,66.0,52.0,48.0,36.0,24.0,12.0,12
902,1041862,77,66.0,52.0,0.0,0.0,0.0,0.0,52
903,982963,77,66.0,52.0,48.0,36.0,24.0,12.0,12
904,1041910,77,66.0,0.0,0.0,0.0,0.0,0.0,66
905,1041914,77,66.0,0.0,0.0,0.0,0.0,0.0,66
906,1041990,77,66.0,52.0,48.0,0.0,0.0,0.0,48
907,1042047,77,66.0,52.0,48.0,36.0,24.0,12.0,12
908,1042049,77,66.0,52.0,48.0,36.0,24.0,12.0,12
909,982770,77,66.0,0.0,0.0,0.0,0.0,0.0,66
910,982769,77,66.0,0.0,0.0,0.0,0.0,0.0,66
911,982766,77,66.0,0.0,0.0,0.0,0.0,0.0,66
912,982783,77,66.0,52.0,0.0,0.0,0.0,0.0,52
913,982767,77,66.0,52.0,0.0,0.0,0.0,0.0,52
914,982788,77,66.0,52.0,0.0,0.0,0.0,0.0,52
915,982768,77,66.0,52.0,0.0,0.0,0.0,0.0,52
916,982764,77,66.0,0.0,0.0,0.0,0.0,0.0,66
917,982763,77,66.0,52.0,0.0,0.0,0.0,0.0,52
918,982762,77,66.0,0.0,0.0,0.0,0.0,0.0,66
919,982761,77,66.0,0.0,0.0,0.0,0.0,0.0,66
920,982765,77,66.0,52.0,0.0,0.0,0.0,0.0,52
921,982784,77,66.0,52.0,0.0,0.0,0.0,0.0,52
922,982771,77,66.0,52.0,0.0,0.0,0.0,0.0,52
923,982772,77,66.0,52.0,0.0,0.0,0.0,0.0,52
924,982747,77,66.0,52.0,0.0,0.0,0.0,0.0,52
925,982774,77,66.0,52.0,0.0,0.0,0.0,0.0,52
926,982777,77,66.0,52.0,0.0,0.0,0.0,0.0,52
927,982773,77,66.0,52.0,0.0,0.0,0.0,0.0,52
928,982775,77,66.0,52.0,0.0,0.0,0.0,0.0,52
929,982778,77,66.0,52.0,0.0,0.0,0.0,0.0,52
930,982776,77,66.0,52.0,0.0,0.0,0.0,0.0,52
931,982748,77,66.0,52.0,0.0,0.0,0.0,0.0,52
932,982749,77,66.0,52.0,0.0,0.0,0.0,0.0,52
933,982795,77,66.0,52.0,0.0,0.0,0.0,0.0,52
934,982933,77,66.0,52.0,0.0,0.0,0.0,0.0,52
935,982935,77,66.0,52.0,0.0,0.0,0.0,0.0,52
936,982937,77,66.0,52.0,48.0,0.0,0.0,0.0,48
937,1041832,77,66.0,52.0,48.0,0.0,0.0,0.0,48
938,1041834,77,66.0,52.0,48.0,0.0,0.0,0.0,48
939,1041833,77,66.0,52.0,48.0,0.0,0.0,0.0,48
940,1041831,77,66.0,52.0,48.0,0.0,0.0,0.0,48
941,1041835,77,66.0,52.0,0.0,0.0,0.0,0.0,52
942,1041836,77,66.0,52.0,0.0,0.0,0.0,0.0,52
943,1041854,77,66.0,52.0,48.0,36.0,24.0,12.0,12
944,1041858,77,66.0,52.0,0.0,0.0,0.0,0.0,52
945,1041877,77,66.0,52.0,48.0,36.0,0.0,0.0,36
946,1041887,77,66.0,52.0,48.0,0.0,0.0,0.0,48
947,1041890,77,66.0,52.0,48.0,0.0,0.0,0.0,48
948,1041899,77,66.0,0.0,0.0,0.0,0.0,0.0,66
949,1041898,77,66.0,52.0,48.0,0.0,0.0,0.0,48
950,1041900,77,66.0,0.0,0.0,0.0,0.0,0.0,66
951,1041901,77,66.0,0.0,0.0,0.0,0.0,0.0,66
952,1041892,77,66.0,52.0,48.0,0.0,0.0,0.0,48
953,1041902,77,66.0,0.0,0.0,0.0,0.0,0.0,66
954,1041909,77,66.0,0.0,0.0,0.0,0.0,0.0,66
955,982752,77,66.0,0.0,0.0,0.0,0.0,0.0,66
956,982786,77,66.0,52.0,0.0,0.0,0.0,0.0,52
957,982755,77,66.0,0.0,0.0,0.0,0.0,0.0,66
958,982787,77,66.0,0.0,0.0,0.0,0.0,0.0,66
959,982785,77,66.0,52.0,0.0,0.0,0.0,0.0,52
960,982756,77,66.0,0.0,0.0,0.0,0.0,0.0,66
961,982779,77,66.0,52.0,0.0,0.0,0.0,0.0,52
962,982757,77,66.0,52.0,0.0,0.0,0.0,0.0,52
963,982758,77,66.0,52.0,0.0,0.0,0.0,0.0,52
964,982759,77,66.0,52.0,0.0,0.0,0.0,0.0,52
965,982751,77,66.0,52.0,0.0,0.0,0.0,0.0,52
966,982760,77,66.0,52.0,0.0,0.0,0.0,0.0,52
967,982780,77,66.0,0.0,0.0,0.0,0.0,0.0,66
968,982750,77,66.0,52.0,0.0,0.0,0.0,0.0,52
969,1041823,77,66.0,52.0,0.0,0.0,0.0,0.0,52
970,1041830,77,66.0,52.0,0.0,0.0,0.0,0.0,52
971,1041829,77,66.0,52.0,48.0,0.0,0.0,0.0,48
972,1041828,77,66.0,52.0,48.0,0.0,0.0,0.0,48
973,982936,77,66.0,52.0,0.0,0.0,0.0,0.0,52
974,982934,77,66.0,0.0,0.0,0.0,0.0,0.0,66
975,1041855,77,66.0,52.0,48.0,0.0,0.0,0.0,48
976,1041857,77,66.0,52.0,48.0,0.0,0.0,0.0,48
977,1041856,77,66.0,52.0,48.0,0.0,0.0,0.0,48
978,982964,77,66.0,52.0,48.0,36.0,24.0,12.0,12
979,1041879,77,66.0,52.0,48.0,36.0,0.0,0.0,36
980,1041889,77,66.0,52.0,48.0,0.0,0.0,0.0,48
981,1041880,77,66.0,52.0,48.0,0.0,0.0,0.0,48
982,1041886,77,66.0,52.0,48.0,36.0,0.0,0.0,36
983,1041893,77,66.0,52.0,48.0,0.0,0.0,0.0,48
984,1041903,77,66.0,52.0,0.0,0.0,0.0,0.0,52
985,1041904,77,66.0,52.0,48.0,0.0,0.0,0.0,48
986,1041881,77,66.0,52.0,48.0,0.0,0.0,0.0,48
987,1041911,77,66.0,0.0,0.0,0.0,0.0,0.0,66
988,1041905,77,66.0,52.0,48.0,0.0,0.0,0.0,48
989,1041919,77,66.0,52.0,48.0,0.0,0.0,0.0,48
990,1041922,77,66.0,52.0,48.0,0.0,0.0,0.0,48
991,1042050,77,66.0,52.0,48.0,36.0,24.0,12.0,12
992,1041965,77,66.0,52.0,48.0,36.0,24.0,12.0,12
993,1041921,77,66.0,52.0,48.0,0.0,0.0,0.0,48
994,1041920,77,66.0,52.0,48.0,0.0,0.0,0.0,48
995,1041929,77,66.0,52.0,48.0,0.0,0.0,0.0,48
996,982744,77,0.0,0.0,0.0,0.0,0.0,0.0,77
997,982745,77,0.0,0.0,0.0,0.0,0.0,0.0,77
998,982938,77,0.0,0.0,0.0,0.0,0.0,0.0,77
999,1041989,77,66.0,52.0,48.0,36.0,24.0,12.0,12
1000,982949,77,66.0,52.0,48.0,36.0,24.0,12.0,12
1001,982952,77,66.0,52.0,48.0,36.0,0.0,0.0,36
1002,982961,77,66.0,52.0,48.0,36.0,24.0,12.0,12
1003,1041891,77,66.0,52.0,48.0,36.0,0.0,0.0,36
1004,1041894,77,66.0,52.0,48.0,36.0,0.0,0.0,36
1005,1041896,77,66.0,52.0,48.0,36.0,0.0,0.0,36
1006,1041895,77,66.0,52.0,48.0,36.0,0.0,0.0,36
1007,1041906,77,66.0,52.0,48.0,0.0,0.0,0.0,48
1008,1041907,77,66.0,52.0,48.0,0.0,0.0,0.0,48
1009,1041897,77,66.0,52.0,48.0,0.0,0.0,0.0,48
1010,1041908,77,66.0,52.0,48.0,0.0,0.0,0.0,48
1011,1041883,77,66.0,52.0,48.0,0.0,0.0,0.0,48
1012,1041935,77,66.0,52.0,48.0,0.0,0.0,0.0,48
1013,982976,77,66.0,52.0,48.0,0.0,0.0,0.0,48
1014,1041924,77,66.0,52.0,48.0,0.0,0.0,0.0,48
1015,1041923,77,66.0,52.0,48.0,0.0,0.0,0.0,48
1016,1041931,77,66.0,52.0,0.0,0.0,0.0,0.0,52
1017,1041925,77,66.0,52.0,48.0,0.0,0.0,0.0,48
1018,1041936,77,66.0,52.0,48.0,0.0,0.0,0.0,48
1019,1041928,77,66.0,52.0,48.0,36.0,0.0,0.0,36
1020,1041926,77,66.0,52.0,48.0,36.0,0.0,0.0,36
1021,1041927,77,66.0,52.0,48.0,36.0,0.0,0.0,36
1022,1042051,77,66.0,52.0,48.0,36.0,24.0,12.0,12
1023,982939,77,0.0,0.0,0.0,0.0,0.0,0.0,77
1024,982940,77,0.0,0.0,0.0,0.0,0.0,0.0,77
1025,982941,77,0.0,0.0,0.0,0.0,0.0,0.0,77
1026,982944,77,0.0,0.0,0.0,0.0,0.0,0.0,77
1027,982953,77,66.0,0.0,0.0,0.0,0.0,0.0,66
1028,982951,77,66.0,0.0,0.0,0.0,0.0,0.0,66
1029,982950,77,66.0,0.0,0.0,0.0,0.0,0.0,66
1030,1041867,77,66.0,52.0,48.0,0.0,0.0,0.0,48
1031,1041866,77,66.0,52.0,48.0,0.0,0.0,0.0,48
1032,982962,77,66.0,0.0,0.0,0.0,0.0,0.0,66
1033,1041878,77,66.0,52.0,48.0,36.0,0.0,0.0,36
1034,1041875,77,66.0,52.0,48.0,0.0,0.0,0.0,48
1035,1041884,77,66.0,52.0,48.0,36.0,0.0,0.0,36
1036,1041882,77,66.0,52.0,48.0,0.0,0.0,0.0,48
1037,1041915,77,66.0,0.0,0.0,0.0,0.0,0.0,66
1038,1041991,77,66.0,52.0,48.0,0.0,0.0,0.0,48
1039,1041932,77,66.0,52.0,48.0,0.0,0.0,0.0,48
1040,1041930,77,66.0,52.0,48.0,0.0,0.0,0.0,48
1041,1041933,77,66.0,52.0,48.0,0.0,0.0,0.0,48
1042,1041954,77,66.0,52.0,48.0,0.0,0.0,0.0,48
1043,1041953,77,66.0,52.0,48.0,0.0,0.0,0.0,48
1044,1041934,77,66.0,52.0,48.0,0.0,0.0,0.0,48
1045,982977,77,66.0,52.0,48.0,0.0,0.0,0.0,48
1046,1041952,77,66.0,52.0,48.0,0.0,0.0,0.0,48
1047,1041955,77,66.0,0.0,0.0,0.0,0.0,0.0,66
1048,1041945,77,66.0,52.0,48.0,36.0,0.0,0.0,36
1049,1041957,77,66.0,52.0,48.0,0.0,0.0,0.0,48
1050,1041959,77,66.0,52.0,48.0,0.0,0.0,0.0,48
1051,1041956,77,66.0,0.0,0.0,0.0,0.0,0.0,66
1052,1042052,77,66.0,52.0,48.0,36.0,24.0,12.0,12
1053,1041944,77,66.0,52.0,48.0,36.0,0.0,0.0,36
1054,1042053,77,66.0,52.0,48.0,36.0,24.0,12.0,12
1055,982958,77,66.0,0.0,0.0,0.0,0.0,0.0,66
1056,1041984,77,66.0,0.0,0.0,0.0,0.0,0.0,66
1057,1041983,77,66.0,0.0,0.0,0.0,0.0,0.0,66
1058,982959,77,66.0,0.0,0.0,0.0,0.0,0.0,66
1059,1041870,77,66.0,52.0,0.0,0.0,0.0,0.0,52
1060,982965,77,66.0,0.0,0.0,0.0,0.0,0.0,66
1061,1041868,77,66.0,52.0,48.0,0.0,0.0,0.0,48
1062,1041885,77,0.0,0.0,0.0,0.0,0.0,0.0,77
1063,1041961,77,66.0,0.0,0.0,0.0,0.0,0.0,66
1064,1041960,77,66.0,0.0,0.0,0.0,0.0,0.0,66
1065,1041950,77,0.0,0.0,0.0,0.0,0.0,0.0,77
1066,1041937,77,0.0,0.0,0.0,0.0,0.0,0.0,77
1067,1041949,77,0.0,0.0,0.0,0.0,0.0,0.0,77
1068,1041962,77,66.0,52.0,0.0,0.0,0.0,0.0,52
1069,1041946,77,66.0,52.0,48.0,0.0,0.0,0.0,48
1070,1041958,77,66.0,0.0,0.0,0.0,0.0,0.0,66
1071,1041939,77,66.0,0.0,0.0,0.0,0.0,0.0,66
1072,1041951,77,66.0,0.0,0.0,0.0,0.0,0.0,66
1073,1041938,77,66.0,0.0,0.0,0.0,0.0,0.0,66
1074,1041942,77,66.0,52.0,48.0,0.0,0.0,0.0,48
1075,1041943,77,66.0,52.0,48.0,0.0,0.0,0.0,48
1076,1041947,77,66.0,52.0,48.0,0.0,0.0,0.0,48
1077,1041948,77,66.0,52.0,48.0,0.0,0.0,0.0,48
1078,1041941,77,66.0,52.0,0.0,0.0,0.0,0.0,52
1079,1041940,77,66.0,52.0,0.0,0.0,0.0,0.0,52
1080,982966,77,0.0,0.0,0.0,0.0,0.0,0.0,77
1081,982967,77,66.0,0.0,0.0,0.0,0.0,0.0,66
1082,1041874,77,0.0,0.0,0.0,0.0,0.0,0.0,77
1083,1041876,77,66.0,0.0,0.0,0.0,0.0,0.0,66
1084,1041872,77,0.0,0.0,0.0,0.0,0.0,0.0,77
1085,1041966,77,66.0,52.0,0.0,0.0,0.0,0.0,52
1086,1042055,77,66.0,52.0,48.0,36.0,24.0,12.0,12
1087,1041869,77,0.0,0.0,0.0,0.0,0.0,0.0,77
1088,1041979,77,66.0,0.0,0.0,0.0,0.0,0.0,66
1089,1041981,77,0.0,0.0,0.0,0.0,0.0,0.0,77
1090,1041982,77,0.0,0.0,0.0,0.0,0.0,0.0,77
1091,1041964,77,66.0,0.0,0.0,0.0,0.0,0.0,66
1092,983090,77,0.0,0.0,0.0,0.0,0.0,0.0,77
1093,983089,77,66.0,0.0,0.0,0.0,0.0,0.0,66
1094,1042056,77,66.0,52.0,48.0,36.0,24.0,12.0,12
1095,983091,77,66.0,52.0,48.0,36.0,24.0,12.0,12
1096,983405,77,0.0,0.0,0.0,0.0,0.0,0.0,77
1097,1042057,77,66.0,52.0,48.0,36.0,24.0,12.0,12
1098,983406,77,0.0,0.0,0.0,0.0,0.0,0.0,77
1099,983403,77,0.0,0.0,0.0,0.0,0.0,0.0,77
1100,984192,77,66.0,52.0,48.0,36.0,24.0,12.0,12
1101,1042058,77,66.0,52.0,48.0,36.0,24.0,12.0,12
1102,984194,77,66.0,52.0,48.0,36.0,24.0,12.0,12
1103,985700,77,66.0,0.0,0.0,0.0,0.0,0.0,66
1104,985699,77,0.0,0.0,0.0,0.0,0.0,0.0,77
1105,986587,77,66.0,52.0,48.0,0.0,0.0,0.0,48
1106,986586,77,66.0,52.0,48.0,36.0,24.0,12.0,12
1107,987101,77,66.0,52.0,48.0,0.0,0.0,0.0,48
1108,987105,77,66.0,52.0,48.0,36.0,24.0,12.0,12
1109,987100,77,66.0,52.0,48.0,36.0,24.0,12.0,12
1110,987104,77,66.0,52.0,48.0,36.0,24.0,12.0,12
1111,987102,77,66.0,52.0,48.0,36.0,24.0,12.0,12
1112,987099,77,66.0,52.0,48.0,36.0,24.0,12.0,12
1113,987103,77,66.0,52.0,48.0,36.0,24.0,12.0,12
1114,987107,77,66.0,52.0,48.0,36.0,24.0,12.0,12
1115,987108,77,66.0,52.0,48.0,36.0,24.0,12.0,12
1116,987971,77,66.0,0.0,0.0,0.0,0.0,0.0,66
1117,987972,77,66.0,52.0,48.0,36.0,24.0,12.0,12
1118,987973,77,66.0,52.0,48.0,36.0,24.0,12.0,12
1119,987974,77,66.0,52.0,48.0,36.0,24.0,12.0,12
1120,987976,77,0.0,0.0,0.0,0.0,0.0,0.0,77
1121,987977,77,66.0,52.0,48.0,0.0,0.0,0.0,48
1122,987975,77,66.0,0.0,0.0,0.0,0.0,0.0,66
1123,988247,77,66.0,0.0,0.0,0.0,0.0,0.0,66
1124,988205,77,66.0,0.0,0.0,0.0,0.0,0.0,66
1125,988219,77,66.0,52.0,0.0,0.0,0.0,0.0,52
1126,988231,77,66.0,0.0,0.0,0.0,0.0,0.0,66
1127,988256,77,0.0,0.0,0.0,0.0,0.0,0.0,77
1128,988232,77,66.0,52.0,0.0,0.0,0.0,0.0,52
1129,988254,77,66.0,52.0,0.0,0.0,0.0,0.0,52
1130,988233,77,66.0,52.0,0.0,0.0,0.0,0.0,52
1131,988220,77,66.0,52.0,0.0,0.0,0.0,0.0,52
1132,988255,77,66.0,52.0,0.0,0.0,0.0,0.0,52
1133,988234,77,66.0,0.0,0.0,0.0,0.0,0.0,66
1134,988235,77,66.0,52.0,0.0,0.0,0.0,0.0,52
1135,988236,77,66.0,52.0,0.0,0.0,0.0,0.0,52
1136,988239,77,0.0,0.0,0.0,0.0,0.0,0.0,77
1137,988237,77,0.0,0.0,0.0,0.0,0.0,0.0,77
1138,988238,77,66.0,52.0,0.0,0.0,0.0,0.0,52
1139,988242,77,0.0,0.0,0.0,0.0,0.0,0.0,77
1140,988243,77,66.0,0.0,0.0,0.0,0.0,0.0,66
1141,988244,77,66.0,0.0,0.0,0.0,0.0,0.0,66
1142,988241,77,66.0,52.0,0.0,0.0,0.0,0.0,52
1143,988246,77,66.0,52.0,0.0,0.0,0.0,0.0,52
1144,988245,77,66.0,52.0,0.0,0.0,0.0,0.0,52
1145,988189,77,0.0,0.0,0.0,0.0,0.0,0.0,77
1146,988192,77,0.0,0.0,0.0,0.0,0.0,0.0,77
1147,988194,77,66.0,0.0,0.0,0.0,0.0,0.0,66
1148,988193,77,66.0,0.0,0.0,0.0,0.0,0.0,66
1149,988211,77,66.0,0.0,0.0,0.0,0.0,0.0,66
1150,988212,77,66.0,0.0,0.0,0.0,0.0,0.0,66
1151,988227,77,66.0,52.0,0.0,0.0,0.0,0.0,52
1152,988228,77,66.0,52.0,0.0,0.0,0.0,0.0,52
1153,988221,77,66.0,52.0,0.0,0.0,0.0,0.0,52
1154,988224,77,66.0,52.0,0.0,0.0,0.0,0.0,52
1155,988222,77,66.0,52.0,0.0,0.0,0.0,0.0,52
1156,988252,77,66.0,52.0,0.0,0.0,0.0,0.0,52
1157,988257,77,66.0,52.0,0.0,0.0,0.0,0.0,52
1158,988251,77,66.0,52.0,0.0,0.0,0.0,0.0,52
1159,988253,77,66.0,52.0,0.0,0.0,0.0,0.0,52
1160,988250,77,66.0,52.0,0.0,0.0,0.0,0.0,52
1161,988248,77,66.0,52.0,0.0,0.0,0.0,0.0,52
1162,988249,77,66.0,52.0,0.0,0.0,0.0,0.0,52
1163,988203,77,0.0,0.0,0.0,0.0,0.0,0.0,77
1164,988204,77,0.0,0.0,0.0,0.0,0.0,0.0,77
1165,988201,77,0.0,0.0,0.0,0.0,0.0,0.0,77
1166,988199,77,0.0,0.0,0.0,0.0,0.0,0.0,77
1167,988200,77,0.0,0.0,0.0,0.0,0.0,0.0,77
1168,988198,77,0.0,0.0,0.0,0.0,0.0,0.0,77
1169,992032,77,66.0,0.0,0.0,0.0,0.0,0.0,66
1170,992039,77,66.0,0.0,0.0,0.0,0.0,0.0,66
1171,992038,77,66.0,0.0,0.0,0.0,0.0,0.0,66
1172,992028,77,66.0,0.0,0.0,0.0,0.0,0.0,66
1173,992043,77,66.0,0.0,0.0,0.0,0.0,0.0,66
1174,988214,77,66.0,0.0,0.0,0.0,0.0,0.0,66
1175,988213,77,66.0,0.0,0.0,0.0,0.0,0.0,66
1176,991996,77,66.0,52.0,0.0,0.0,0.0,0.0,52
1177,992001,77,66.0,52.0,0.0,0.0,0.0,0.0,52
1178,991997,77,66.0,52.0,0.0,0.0,0.0,0.0,52
1179,988216,77,66.0,0.0,0.0,0.0,0.0,0.0,66
1180,988217,77,66.0,0.0,0.0,0.0,0.0,0.0,66
1181,992000,77,66.0,52.0,0.0,0.0,0.0,0.0,52
1182,992002,77,66.0,52.0,0.0,0.0,0.0,0.0,52
1183,991998,77,66.0,52.0,0.0,0.0,0.0,0.0,52
1184,988262,77,66.0,52.0,48.0,36.0,24.0,12.0,12
1185,988258,77,66.0,52.0,0.0,0.0,0.0,0.0,52
1186,988191,77,0.0,0.0,0.0,0.0,0.0,0.0,77
1187,988196,77,0.0,0.0,0.0,0.0,0.0,0.0,77
1188,992466,77,0.0,0.0,0.0,0.0,0.0,0.0,77
1189,992031,77,66.0,0.0,0.0,0.0,0.0,0.0,66
1190,992040,77,66.0,0.0,0.0,0.0,0.0,0.0,66
1191,992029,77,66.0,0.0,0.0,0.0,0.0,0.0,66
1192,992030,77,0.0,0.0,0.0,0.0,0.0,0.0,77
1193,992034,77,66.0,0.0,0.0,0.0,0.0,0.0,66
1194,992035,77,66.0,0.0,0.0,0.0,0.0,0.0,66
1195,992036,77,66.0,0.0,0.0,0.0,0.0,0.0,66
1196,992042,77,66.0,0.0,0.0,0.0,0.0,0.0,66
1197,992044,77,66.0,0.0,0.0,0.0,0.0,0.0,66
1198,992099,77,66.0,0.0,0.0,0.0,0.0,0.0,66
1199,992098,77,66.0,0.0,0.0,0.0,0.0,0.0,66
1200,992100,77,66.0,0.0,0.0,0.0,0.0,0.0,66
1201,992045,77,66.0,0.0,0.0,0.0,0.0,0.0,66
1202,992041,77,66.0,0.0,0.0,0.0,0.0,0.0,66
1203,992097,77,66.0,0.0,0.0,0.0,0.0,0.0,66
1204,992049,77,66.0,0.0,0.0,0.0,0.0,0.0,66
1205,988215,77,66.0,0.0,0.0,0.0,0.0,0.0,66
1206,992027,77,66.0,52.0,0.0,0.0,0.0,0.0,52
1207,992026,77,66.0,52.0,0.0,0.0,0.0,0.0,52
1208,992025,77,66.0,52.0,0.0,0.0,0.0,0.0,52
1209,992047,77,66.0,52.0,0.0,0.0,0.0,0.0,52
1210,991999,77,66.0,52.0,0.0,0.0,0.0,0.0,52
1211,992004,77,66.0,52.0,0.0,0.0,0.0,0.0,52
1212,991994,77,66.0,52.0,0.0,0.0,0.0,0.0,52
1213,991974,77,66.0,52.0,0.0,0.0,0.0,0.0,52
1214,991995,77,66.0,52.0,0.0,0.0,0.0,0.0,52
1215,992005,77,66.0,52.0,0.0,0.0,0.0,0.0,52
1216,992006,77,66.0,52.0,0.0,0.0,0.0,0.0,52
1217,991993,77,66.0,52.0,0.0,0.0,0.0,0.0,52
1218,991991,77,66.0,52.0,0.0,0.0,0.0,0.0,52
1219,988261,77,66.0,52.0,0.0,0.0,0.0,0.0,52
1220,988260,77,66.0,52.0,0.0,0.0,0.0,0.0,52
1221,988259,77,66.0,52.0,0.0,0.0,0.0,0.0,52
1222,991988,77,66.0,52.0,0.0,0.0,0.0,0.0,52
1223,992467,77,0.0,0.0,0.0,0.0,0.0,0.0,77
1224,992472,77,0.0,0.0,0.0,0.0,0.0,0.0,77
1225,992468,77,0.0,0.0,0.0,0.0,0.0,0.0,77
1226,992465,77,0.0,0.0,0.0,0.0,0.0,0.0,77
1227,992474,77,0.0,0.0,0.0,0.0,0.0,0.0,77
1228,992475,77,0.0,0.0,0.0,0.0,0.0,0.0,77
1229,992473,77,0.0,0.0,0.0,0.0,0.0,0.0,77
1230,992463,77,0.0,0.0,0.0,0.0,0.0,0.0,77
1231,992476,77,0.0,0.0,0.0,0.0,0.0,0.0,77
1232,992037,77,0.0,0.0,0.0,0.0,0.0,0.0,77
1233,992033,77,0.0,0.0,0.0,0.0,0.0,0.0,77
1234,992285,77,0.0,0.0,0.0,0.0,0.0,0.0,77
1235,992048,77,66.0,0.0,0.0,0.0,0.0,0.0,66
1236,992052,77,66.0,0.0,0.0,0.0,0.0,0.0,66
1237,992105,77,66.0,0.0,0.0,0.0,0.0,0.0,66
1238,992046,77,66.0,52.0,0.0,0.0,0.0,0.0,52
1239,992050,77,66.0,52.0,0.0,0.0,0.0,0.0,52
1240,992024,77,66.0,52.0,0.0,0.0,0.0,0.0,52
1241,992284,77,66.0,52.0,0.0,0.0,0.0,0.0,52
1242,992003,77,66.0,52.0,0.0,0.0,0.0,0.0,52
1243,991990,77,66.0,52.0,0.0,0.0,0.0,0.0,52
1244,991992,77,66.0,52.0,0.0,0.0,0.0,0.0,52
1245,992008,77,66.0,52.0,0.0,0.0,0.0,0.0,52
1246,992010,77,66.0,52.0,0.0,0.0,0.0,0.0,52
1247,992009,77,66.0,52.0,0.0,0.0,0.0,0.0,52
1248,991981,77,66.0,0.0,0.0,0.0,0.0,0.0,66
1249,991980,77,66.0,0.0,0.0,0.0,0.0,0.0,66
1250,992007,77,66.0,52.0,0.0,0.0,0.0,0.0,52
1251,991989,77,66.0,52.0,0.0,0.0,0.0,0.0,52
1252,991986,77,66.0,0.0,0.0,0.0,0.0,0.0,66
1253,1042075,77,66.0,0.0,0.0,0.0,0.0,0.0,66
1254,992462,77,0.0,0.0,0.0,0.0,0.0,0.0,77
1255,992104,77,66.0,0.0,0.0,0.0,0.0,0.0,66
1256,992110,77,66.0,0.0,0.0,0.0,0.0,0.0,66
1257,992101,77,0.0,0.0,0.0,0.0,0.0,0.0,77
1258,992051,77,66.0,0.0,0.0,0.0,0.0,0.0,66
1259,992109,77,0.0,0.0,0.0,0.0,0.0,0.0,77
1260,992108,77,0.0,0.0,0.0,0.0,0.0,0.0,77
1261,992106,77,0.0,0.0,0.0,0.0,0.0,0.0,77
1262,992107,77,0.0,0.0,0.0,0.0,0.0,0.0,77
1263,992012,77,66.0,52.0,0.0,0.0,0.0,0.0,52
1264,992013,77,66.0,0.0,0.0,0.0,0.0,0.0,66
1265,992014,77,66.0,0.0,0.0,0.0,0.0,0.0,66
1266,992015,77,66.0,0.0,0.0,0.0,0.0,0.0,66
1267,992017,77,66.0,0.0,0.0,0.0,0.0,0.0,66
1268,992016,77,66.0,0.0,0.0,0.0,0.0,0.0,66
1269,992022,77,66.0,0.0,0.0,0.0,0.0,0.0,66
1270,992023,77,66.0,0.0,0.0,0.0,0.0,0.0,66
1271,992020,77,66.0,0.0,0.0,0.0,0.0,0.0,66
1272,992019,77,66.0,0.0,0.0,0.0,0.0,0.0,66
1273,991975,77,0.0,0.0,0.0,0.0,0.0,0.0,77
1274,992021,77,66.0,0.0,0.0,0.0,0.0,0.0,66
1275,992011,77,66.0,0.0,0.0,0.0,0.0,0.0,66
1276,992018,77,66.0,0.0,0.0,0.0,0.0,0.0,66
1277,991987,77,0.0,0.0,0.0,0.0,0.0,0.0,77
1278,991979,77,0.0,0.0,0.0,0.0,0.0,0.0,77
1279,991977,77,66.0,0.0,0.0,0.0,0.0,0.0,66
1280,991976,77,66.0,0.0,0.0,0.0,0.0,0.0,66
1281,991978,77,0.0,0.0,0.0,0.0,0.0,0.0,77
1282,992283,77,0.0,0.0,0.0,0.0,0.0,0.0,77
1283,992281,77,0.0,0.0,0.0,0.0,0.0,0.0,77
1284,992280,77,0.0,0.0,0.0,0.0,0.0,0.0,77
1285,992054,77,0.0,0.0,0.0,0.0,0.0,0.0,77
1286,992053,77,0.0,0.0,0.0,0.0,0.0,0.0,77
1287,988273,77,66.0,52.0,48.0,36.0,24.0,12.0,12
1288,988274,77,66.0,52.0,48.0,36.0,24.0,12.0,12
1289,1042059,77,66.0,52.0,48.0,36.0,24.0,12.0,12
1290,988604,77,66.0,52.0,48.0,36.0,24.0,12.0,12
1291,988610,77,66.0,52.0,48.0,36.0,0.0,0.0,36
1292,988611,77,66.0,52.0,48.0,36.0,24.0,12.0,12
1293,988609,77,66.0,52.0,48.0,36.0,0.0,0.0,36
1294,988608,77,66.0,52.0,48.0,36.0,0.0,0.0,36
1295,988607,77,66.0,52.0,48.0,36.0,24.0,12.0,12
1296,988612,77,66.0,52.0,48.0,36.0,24.0,12.0,12
1297,988613,77,66.0,52.0,48.0,36.0,24.0,12.0,12
1298,988614,77,66.0,52.0,48.0,36.0,24.0,12.0,12
1299,988606,77,66.0,52.0,48.0,36.0,24.0,12.0,12
1300,988605,77,66.0,52.0,48.0,36.0,24.0,12.0,12
1301,988637,77,66.0,52.0,0.0,0.0,0.0,0.0,52
1302,988631,77,66.0,52.0,48.0,36.0,24.0,12.0,12
1303,988632,77,66.0,52.0,48.0,36.0,24.0,12.0,12
1304,988599,77,66.0,52.0,48.0,36.0,24.0,12.0,12
1305,988600,77,66.0,52.0,48.0,36.0,24.0,12.0,12
1306,988647,77,66.0,52.0,48.0,36.0,24.0,12.0,12
1307,988630,77,66.0,52.0,48.0,0.0,0.0,0.0,48
1308,988629,77,66.0,52.0,48.0,36.0,24.0,12.0,12
1309,988615,77,66.0,52.0,48.0,36.0,24.0,12.0,12
1310,988625,77,66.0,52.0,48.0,36.0,24.0,12.0,12
1311,988624,77,66.0,52.0,48.0,36.0,24.0,12.0,12
1312,988623,77,66.0,52.0,48.0,36.0,24.0,12.0,12
1313,988597,77,66.0,52.0,48.0,36.0,24.0,12.0,12
1314,988617,77,66.0,52.0,48.0,36.0,24.0,12.0,12
1315,988618,77,0.0,0.0,0.0,0.0,0.0,0.0,77
1316,988281,77,66.0,52.0,48.0,36.0,24.0,12.0,12
1317,988699,77,66.0,52.0,48.0,36.0,24.0,12.0,12
1318,988692,77,0.0,0.0,0.0,0.0,0.0,0.0,77
1319,988651,77,66.0,52.0,48.0,36.0,24.0,12.0,12
1320,988653,77,66.0,52.0,48.0,36.0,24.0,12.0,12
1321,988654,77,66.0,52.0,48.0,36.0,24.0,12.0,12
1322,988686,77,66.0,52.0,48.0,36.0,0.0,0.0,36
1323,988687,77,66.0,52.0,48.0,0.0,0.0,0.0,48
1324,988688,77,66.0,0.0,0.0,0.0,0.0,0.0,66
1325,988695,77,66.0,0.0,0.0,0.0,0.0,0.0,66
1326,988694,77,0.0,0.0,0.0,0.0,0.0,0.0,77
1327,988689,77,66.0,0.0,0.0,0.0,0.0,0.0,66
1328,988394,77,66.0,0.0,0.0,0.0,0.0,0.0,66
1329,990113,77,66.0,0.0,0.0,0.0,0.0,0.0,66
1330,990037,77,0.0,0.0,0.0,0.0,0.0,0.0,77
1331,990042,77,0.0,0.0,0.0,0.0,0.0,0.0,77
1332,990041,77,0.0,0.0,0.0,0.0,0.0,0.0,77
1333,990078,77,0.0,0.0,0.0,0.0,0.0,0.0,77
1334,990074,77,66.0,0.0,0.0,0.0,0.0,0.0,66
1335,990076,77,66.0,0.0,0.0,0.0,0.0,0.0,66
1336,990077,77,66.0,0.0,0.0,0.0,0.0,0.0,66
1337,990084,77,66.0,0.0,0.0,0.0,0.0,0.0,66
1338,990036,77,66.0,0.0,0.0,0.0,0.0,0.0,66
1339,990044,77,66.0,0.0,0.0,0.0,0.0,0.0,66
1340,990045,77,0.0,0.0,0.0,0.0,0.0,0.0,77
1341,990047,77,66.0,0.0,0.0,0.0,0.0,0.0,66
1342,990048,77,0.0,0.0,0.0,0.0,0.0,0.0,77
1343,990118,77,66.0,0.0,0.0,0.0,0.0,0.0,66
1344,990116,77,66.0,0.0,0.0,0.0,0.0,0.0,66
1345,990119,77,0.0,0.0,0.0,0.0,0.0,0.0,77
1346,990150,77,0.0,0.0,0.0,0.0,0.0,0.0,77
1347,990152,77,0.0,0.0,0.0,0.0,0.0,0.0,77
1348,990071,77,66.0,0.0,0.0,0.0,0.0,0.0,66
1349,990086,77,66.0,0.0,0.0,0.0,0.0,0.0,66
1350,990085,77,66.0,0.0,0.0,0.0,0.0,0.0,66
1351,990065,77,66.0,0.0,0.0,0.0,0.0,0.0,66
1352,990121,77,66.0,0.0,0.0,0.0,0.0,0.0,66
1353,990117,77,66.0,0.0,0.0,0.0,0.0,0.0,66
1354,990120,77,66.0,0.0,0.0,0.0,0.0,0.0,66
1355,990114,77,66.0,0.0,0.0,0.0,0.0,0.0,66
1356,990125,77,66.0,0.0,0.0,0.0,0.0,0.0,66
1357,990115,77,66.0,0.0,0.0,0.0,0.0,0.0,66
1358,990124,77,66.0,0.0,0.0,0.0,0.0,0.0,66
1359,990130,77,66.0,0.0,0.0,0.0,0.0,0.0,66
1360,990126,77,66.0,0.0,0.0,0.0,0.0,0.0,66
1361,990069,77,66.0,0.0,0.0,0.0,0.0,0.0,66
1362,990070,77,66.0,0.0,0.0,0.0,0.0,0.0,66
1363,990043,77,0.0,0.0,0.0,0.0,0.0,0.0,77
1364,990068,77,66.0,0.0,0.0,0.0,0.0,0.0,66
1365,990052,77,0.0,0.0,0.0,0.0,0.0,0.0,77
1366,990067,77,66.0,0.0,0.0,0.0,0.0,0.0,66
1367,990063,77,66.0,0.0,0.0,0.0,0.0,0.0,66
1368,990066,77,66.0,0.0,0.0,0.0,0.0,0.0,66
1369,990064,77,66.0,0.0,0.0,0.0,0.0,0.0,66
1370,990128,77,66.0,0.0,0.0,0.0,0.0,0.0,66
1371,990051,77,0.0,0.0,0.0,0.0,0.0,0.0,77
1372,990050,77,66.0,0.0,0.0,0.0,0.0,0.0,66
1373,990049,77,66.0,0.0,0.0,0.0,0.0,0.0,66
1374,990062,77,66.0,0.0,0.0,0.0,0.0,0.0,66
1375,990060,77,66.0,0.0,0.0,0.0,0.0,0.0,66
1376,990151,77,0.0,0.0,0.0,0.0,0.0,0.0,77
1377,990153,77,0.0,0.0,0.0,0.0,0.0,0.0,77
1378,990147,77,0.0,0.0,0.0,0.0,0.0,0.0,77
1379,990163,77,0.0,0.0,0.0,0.0,0.0,0.0,77
1380,990146,77,66.0,0.0,0.0,0.0,0.0,0.0,66
1381,990164,77,66.0,0.0,0.0,0.0,0.0,0.0,66
1382,990162,77,66.0,0.0,0.0,0.0,0.0,0.0,66
1383,990123,77,66.0,0.0,0.0,0.0,0.0,0.0,66
1384,990148,77,66.0,0.0,0.0,0.0,0.0,0.0,66
1385,990132,77,66.0,0.0,0.0,0.0,0.0,0.0,66
1386,990131,77,66.0,0.0,0.0,0.0,0.0,0.0,66
1387,990142,77,66.0,0.0,0.0,0.0,0.0,0.0,66
1388,990127,77,66.0,0.0,0.0,0.0,0.0,0.0,66
1389,990145,77,66.0,52.0,0.0,0.0,0.0,0.0,52
1390,990144,77,66.0,52.0,48.0,0.0,0.0,0.0,48
1391,990143,77,66.0,52.0,48.0,0.0,0.0,0.0,48
1392,990141,77,66.0,52.0,48.0,36.0,0.0,0.0,36
1393,990174,77,66.0,52.0,48.0,0.0,0.0,0.0,48
1394,990140,77,66.0,52.0,48.0,0.0,0.0,0.0,48
1395,990172,77,66.0,52.0,48.0,0.0,0.0,0.0,48
1396,990129,77,66.0,0.0,0.0,0.0,0.0,0.0,66
1397,990122,77,66.0,52.0,48.0,36.0,24.0,12.0,12
1398,990061,77,66.0,0.0,0.0,0.0,0.0,0.0,66
1399,990138,77,66.0,52.0,48.0,36.0,24.0,0.0,24
1400,990056,77,66.0,52.0,0.0,0.0,0.0,0.0,52
1401,990055,77,0.0,0.0,0.0,0.0,0.0,0.0,77
1402,990057,77,66.0,52.0,48.0,36.0,24.0,12.0,12
1403,990058,77,66.0,52.0,48.0,36.0,0.0,0.0,36
1404,990059,77,66.0,52.0,48.0,36.0,24.0,12.0,12
1405,989884,77,66.0,52.0,48.0,36.0,0.0,0.0,36
1406,990173,77,0.0,0.0,0.0,0.0,0.0,0.0,77
1407,990214,77,0.0,0.0,0.0,0.0,0.0,0.0,77
1408,990213,77,0.0,0.0,0.0,0.0,0.0,0.0,77
1409,990175,77,66.0,0.0,0.0,0.0,0.0,0.0,66
1410,990171,77,66.0,52.0,48.0,0.0,0.0,0.0,48
1411,990139,77,66.0,52.0,48.0,0.0,0.0,0.0,48
1412,990170,77,66.0,52.0,48.0,0.0,0.0,0.0,48
1413,990176,77,66.0,0.0,0.0,0.0,0.0,0.0,66
1414,990137,77,66.0,52.0,48.0,36.0,24.0,12.0,12
1415,990136,77,66.0,52.0,48.0,36.0,0.0,0.0,36
1416,990135,77,66.0,52.0,48.0,0.0,0.0,0.0,48
1417,990134,77,66.0,52.0,48.0,36.0,0.0,0.0,36
1418,990133,77,66.0,52.0,48.0,36.0,24.0,12.0,12
1419,990199,77,66.0,52.0,48.0,36.0,24.0,12.0,12
1420,990276,77,66.0,52.0,48.0,36.0,24.0,12.0,12
1421,990737,77,0.0,0.0,0.0,0.0,0.0,0.0,77
1422,990722,77,66.0,0.0,0.0,0.0,0.0,0.0,66
1423,990721,77,66.0,0.0,0.0,0.0,0.0,0.0,66
1424,991337,77,66.0,52.0,48.0,36.0,0.0,0.0,36
1425,990405,77,0.0,0.0,0.0,0.0,0.0,0.0,77
1426,990404,77,0.0,0.0,0.0,0.0,0.0,0.0,77
1427,990401,77,0.0,0.0,0.0,0.0,0.0,0.0,77
1428,990402,77,66.0,0.0,0.0,0.0,0.0,0.0,66
1429,990403,77,66.0,52.0,0.0,0.0,0.0,0.0,52
1430,990397,77,0.0,0.0,0.0,0.0,0.0,0.0,77
1431,990398,77,0.0,0.0,0.0,0.0,0.0,0.0,77
1432,990399,77,0.0,0.0,0.0,0.0,0.0,0.0,77
1433,990396,77,0.0,0.0,0.0,0.0,0.0,0.0,77
1434,990400,77,0.0,0.0,0.0,0.0,0.0,0.0,77
1435,990395,77,0.0,0.0,0.0,0.0,0.0,0.0,77
1436,990389,77,0.0,0.0,0.0,0.0,0.0,0.0,77
1437,990394,77,0.0,0.0,0.0,0.0,0.0,0.0,77
1438,990390,77,0.0,0.0,0.0,0.0,0.0,0.0,77
1439,990393,77,66.0,0.0,0.0,0.0,0.0,0.0,66
1440,990391,77,66.0,0.0,0.0,0.0,0.0,0.0,66
1441,990392,77,66.0,0.0,0.0,0.0,0.0,0.0,66
1442,991085,77,66.0,52.0,48.0,36.0,24.0,12.0,12
1443,991383,77,66.0,52.0,48.0,36.0,24.0,12.0,12
1444,991775,77,66.0,52.0,48.0,36.0,24.0,12.0,12
1445,991469,77,66.0,52.0,48.0,36.0,24.0,12.0,12
1446,991388,77,66.0,52.0,48.0,36.0,24.0,12.0,12
1447,991395,77,66.0,52.0,48.0,36.0,24.0,12.0,12
1448,991394,77,66.0,52.0,48.0,36.0,24.0,12.0,12
1449,991393,77,66.0,52.0,48.0,36.0,24.0,12.0,12
1450,991392,77,66.0,52.0,48.0,36.0,24.0,12.0,12
1451,991391,77,66.0,52.0,48.0,36.0,24.0,12.0,12
1452,991390,77,66.0,52.0,48.0,36.0,24.0,12.0,12
1453,991389,77,66.0,52.0,48.0,36.0,24.0,12.0,12
1454,991384,77,66.0,52.0,48.0,36.0,24.0,12.0,12
1455,991385,77,66.0,52.0,48.0,36.0,24.0,12.0,12
1456,991338,77,66.0,52.0,48.0,36.0,24.0,12.0,12
1457,991342,77,66.0,52.0,48.0,36.0,24.0,12.0,12
1458,991341,77,66.0,52.0,48.0,36.0,24.0,12.0,12
1459,991088,77,66.0,52.0,48.0,36.0,24.0,12.0,12
1460,990733,77,66.0,52.0,48.0,36.0,24.0,12.0,12
1461,990734,77,66.0,52.0,48.0,36.0,24.0,12.0,12
1462,991086,77,66.0,52.0,48.0,36.0,24.0,12.0,12
1463,991087,77,66.0,52.0,48.0,36.0,24.0,12.0,12
1464,990732,77,66.0,52.0,48.0,36.0,24.0,12.0,12
1465,991090,77,66.0,52.0,48.0,36.0,24.0,12.0,12
1466,991089,77,66.0,52.0,48.0,36.0,24.0,12.0,12
1467,990731,77,66.0,52.0,48.0,0.0,0.0,0.0,48
1468,990730,77,66.0,52.0,48.0,36.0,24.0,12.0,12
1469,990729,77,66.0,52.0,48.0,36.0,24.0,12.0,12
1470,990728,77,66.0,52.0,48.0,36.0,24.0,12.0,12
1471,990727,77,66.0,52.0,48.0,36.0,24.0,12.0,12
1472,990726,77,66.0,52.0,48.0,36.0,24.0,12.0,12
1473,990725,77,66.0,52.0,48.0,36.0,24.0,12.0,12
1474,990723,77,66.0,52.0,48.0,36.0,24.0,12.0,12
1475,990724,77,66.0,52.0,48.0,36.0,24.0,12.0,12
1476,991777,77,66.0,52.0,48.0,36.0,24.0,12.0,12
1477,991776,77,66.0,52.0,48.0,36.0,24.0,12.0,12
1478,991340,77,66.0,52.0,48.0,36.0,24.0,12.0,12
1479,991339,77,66.0,52.0,48.0,36.0,24.0,12.0,12
