Tract FIPS Code,tract_id,county,hra,coc
6001400100,1400100,Alameda,1,0
6001400200,1400200,Alameda,1,0
6001400300,1400300,Alameda,0,0
6001400400,1400400,Alameda,0,0
6001400500,1400500,Alameda,1,0
6001400600,1400600,Alameda,0,0
6001400700,1400700,Alameda,0,0
6001400800,1400800,Alameda,0,0
6001400900,1400900,Alameda,0,0
6001401000,1401000,Alameda,0,1
6001401100,1401100,Alameda,0,0
6001401200,1401200,Alameda,0,0
6001401300,1401300,Alameda,0,1
6001401400,1401400,Alameda,0,1
6001401500,1401500,Alameda,0,1
6001401600,1401600,Alameda,0,1
6001401700,1401700,Alameda,0,0
6001401800,1401800,Alameda,0,1
6001402200,1402200,Alameda,0,1
6001402400,1402400,Alameda,0,1
6001402500,1402500,Alameda,0,1
6001402600,1402600,Alameda,0,1
6001402700,1402700,Alameda,0,1
6001402800,1402800,Alameda,0,1
6001402900,1402900,Alameda,0,1
6001403000,1403000,Alameda,0,1
6001403100,1403100,Alameda,0,1
6001403300,1403300,Alameda,0,1
6001403400,1403400,Alameda,0,0
6001403501,1403501,Alameda,0,1
6001403502,1403502,Alameda,0,0
6001403600,1403600,Alameda,0,0
6001403701,1403701,Alameda,0,0
6001403702,1403702,Alameda,0,0
6001403800,1403800,Alameda,1,0
6001403900,1403900,Alameda,0,0
6001404000,1404000,Alameda,0,0
6001404101,1404101,Alameda,0,0
6001404102,1404102,Alameda,0,0
6001404200,1404200,Alameda,1,0
6001404300,1404300,Alameda,1,0
6001404400,1404400,Alameda,1,0
6001404501,1404501,Alameda,1,0
6001404502,1404502,Alameda,1,0
6001404600,1404600,Alameda,1,0
6001404700,1404700,Alameda,1,0
6001404800,1404800,Alameda,0,0
6001404900,1404900,Alameda,0,0
6001405000,1405000,Alameda,0,0
6001405100,1405100,Alameda,1,0
6001405200,1405200,Alameda,0,0
6001405301,1405301,Alameda,0,0
6001405302,1405302,Alameda,0,1
6001405401,1405401,Alameda,0,1
6001405402,1405402,Alameda,0,1
6001405500,1405500,Alameda,0,0
6001405600,1405600,Alameda,0,1
6001405700,1405700,Alameda,0,1
6001405800,1405800,Alameda,0,1
6001405901,1405901,Alameda,0,1
6001405902,1405902,Alameda,0,1
6001406000,1406000,Alameda,0,1
6001406100,1406100,Alameda,0,1
6001406201,1406201,Alameda,0,1
6001406202,1406202,Alameda,0,1
6001406300,1406300,Alameda,0,1
6001406400,1406400,Alameda,0,1
6001406500,1406500,Alameda,0,1
6001406601,1406601,Alameda,0,1
6001406602,1406602,Alameda,0,1
6001406700,1406700,Alameda,0,0
6001406800,1406800,Alameda,0,0
6001406900,1406900,Alameda,0,0
6001407000,1407000,Alameda,0,1
6001407101,1407101,Alameda,0,1
6001407102,1407102,Alameda,0,1
6001407200,1407200,Alameda,0,1
6001407300,1407300,Alameda,0,1
6001407400,1407400,Alameda,0,1
6001407500,1407500,Alameda,0,1
6001407600,1407600,Alameda,0,1
6001407700,1407700,Alameda,0,0
6001407800,1407800,Alameda,0,0
6001407900,1407900,Alameda,0,0
6001408000,1408000,Alameda,0,0
6001408100,1408100,Alameda,0,0
6001408200,1408200,Alameda,0,1
6001408300,1408300,Alameda,0,0
6001408400,1408400,Alameda,0,1
6001408500,1408500,Alameda,0,1
6001408600,1408600,Alameda,0,1
6001408700,1408700,Alameda,0,1
6001408800,1408800,Alameda,0,1
6001408900,1408900,Alameda,0,1
6001409000,1409000,Alameda,0,1
6001409100,1409100,Alameda,0,1
6001409200,1409200,Alameda,0,1
6001409300,1409300,Alameda,0,1
6001409400,1409400,Alameda,0,1
6001409500,1409500,Alameda,0,1
6001409600,1409600,Alameda,0,1
6001409700,1409700,Alameda,0,1
6001409800,1409800,Alameda,0,1
6001409900,1409900,Alameda,0,0
6001410000,1410000,Alameda,0,0
6001410100,1410100,Alameda,0,1
6001410200,1410200,Alameda,0,1
6001410300,1410300,Alameda,0,1
6001410400,1410400,Alameda,0,1
6001410500,1410500,Alameda,0,1
6001420100,1420100,Alameda,1,0
6001420200,1420200,Alameda,1,0
6001420300,1420300,Alameda,1,0
6001420400,1420400,Alameda,0,0
6001420500,1420500,Alameda,1,0
6001420600,1420600,Alameda,1,0
6001421100,1421100,Alameda,1,0
6001421200,1421200,Alameda,1,0
6001421300,1421300,Alameda,1,0
6001421400,1421400,Alameda,1,0
6001421500,1421500,Alameda,1,0
6001421600,1421600,Alameda,1,0
6001421700,1421700,Alameda,1,0
6001421800,1421800,Alameda,1,0
6001421900,1421900,Alameda,1,0
6001422000,1422000,Alameda,0,1
6001422100,1422100,Alameda,1,0
6001422200,1422200,Alameda,1,0
6001422300,1422300,Alameda,1,0
6001422400,1422400,Alameda,1,0
6001422500,1422500,Alameda,0,0
6001422600,1422600,Alameda,1,0
6001422700,1422700,Alameda,0,0
6001422800,1422800,Alameda,0,1
6001422900,1422900,Alameda,0,1
6001423000,1423000,Alameda,1,0
6001423100,1423100,Alameda,1,0
6001423200,1423200,Alameda,1,1
6001423300,1423300,Alameda,1,1
6001423400,1423400,Alameda,1,0
6001423500,1423500,Alameda,1,0
6001423601,1423601,Alameda,1,0
6001423602,1423602,Alameda,0,0
6001423700,1423700,Alameda,0,0
6001423800,1423800,Alameda,1,0
6001423901,1423901,Alameda,1,0
6001423902,1423902,Alameda,1,0
6001424001,1424001,Alameda,1,1
6001424002,1424002,Alameda,0,0
6001425101,1425101,Alameda,0,0
6001425102,1425102,Alameda,0,0
6001425103,1425103,Alameda,0,0
6001425104,1425104,Alameda,0,1
6001426100,1426100,Alameda,1,0
6001426200,1426200,Alameda,1,0
6001427100,1427100,Alameda,0,0
6001427200,1427200,Alameda,0,0
6001427300,1427300,Alameda,1,0
6001427600,1427600,Alameda,0,1
6001427700,1427700,Alameda,1,0
6001427800,1427800,Alameda,1,0
6001427900,1427900,Alameda,1,0
6001428000,1428000,Alameda,0,0
6001428100,1428100,Alameda,1,0
6001428200,1428200,Alameda,1,0
6001428301,1428301,Alameda,1,0
6001428302,1428302,Alameda,1,0
6001428400,1428400,Alameda,1,0
6001428500,1428500,Alameda,1,0
6001428600,1428600,Alameda,1,0
6001428700,1428700,Alameda,0,1
6001430101,1430101,Alameda,1,0
6001430102,1430102,Alameda,1,0
6001430200,1430200,Alameda,1,0
6001430300,1430300,Alameda,1,0
6001430400,1430400,Alameda,1,0
6001430500,1430500,Alameda,0,1
6001430600,1430600,Alameda,1,0
6001430700,1430700,Alameda,1,0
6001430800,1430800,Alameda,1,0
6001430900,1430900,Alameda,0,0
6001431000,1431000,Alameda,0,0
6001431100,1431100,Alameda,0,0
6001431200,1431200,Alameda,0,0
6001432100,1432100,Alameda,0,0
6001432200,1432200,Alameda,0,0
6001432300,1432300,Alameda,0,0
6001432400,1432400,Alameda,0,1
6001432501,1432501,Alameda,0,1
6001432502,1432502,Alameda,0,1
6001432600,1432600,Alameda,0,1
6001432700,1432700,Alameda,0,0
6001432800,1432800,Alameda,0,0
6001433000,1433000,Alameda,0,1
6001433102,1433102,Alameda,0,0
6001433103,1433103,Alameda,0,1
6001433104,1433104,Alameda,0,1
6001433200,1433200,Alameda,0,1
6001433300,1433300,Alameda,0,0
6001433400,1433400,Alameda,0,0
6001433500,1433500,Alameda,0,0
6001433600,1433600,Alameda,0,1
6001433700,1433700,Alameda,0,0
6001433800,1433800,Alameda,0,0
6001433900,1433900,Alameda,0,1
6001434000,1434000,Alameda,0,1
6001435102,1435102,Alameda,0,0
6001435103,1435103,Alameda,0,0
6001435104,1435104,Alameda,0,1
6001435200,1435200,Alameda,0,0
6001435300,1435300,Alameda,0,0
6001435400,1435400,Alameda,0,1
6001435500,1435500,Alameda,0,1
6001435601,1435601,Alameda,0,1
6001435602,1435602,Alameda,0,1
6001435700,1435700,Alameda,0,0
6001435800,1435800,Alameda,0,0
6001435900,1435900,Alameda,0,0
6001436000,1436000,Alameda,0,0
6001436100,1436100,Alameda,0,0
6001436200,1436200,Alameda,0,1
6001436300,1436300,Alameda,0,0
6001436401,1436401,Alameda,0,0
6001436402,1436402,Alameda,0,0
6001436500,1436500,Alameda,0,1
6001436601,1436601,Alameda,0,1
6001436602,1436602,Alameda,0,1
6001436700,1436700,Alameda,0,0
6001436800,1436800,Alameda,0,0
6001436900,1436900,Alameda,0,1
6001437000,1437000,Alameda,0,0
6001437101,1437101,Alameda,0,0
6001437102,1437102,Alameda,0,0
6001437200,1437200,Alameda,0,0
6001437300,1437300,Alameda,0,1
6001437400,1437400,Alameda,0,0
6001437500,1437500,Alameda,0,1
6001437600,1437600,Alameda,0,1
6001437701,1437701,Alameda,0,1
6001437702,1437702,Alameda,0,1
6001437800,1437800,Alameda,0,0
6001437900,1437900,Alameda,0,1
6001438000,1438000,Alameda,0,0
6001438100,1438100,Alameda,0,0
6001438201,1438201,Alameda,0,1
6001438203,1438203,Alameda,0,0
6001438204,1438204,Alameda,0,0
6001438300,1438300,Alameda,0,0
6001438400,1438400,Alameda,0,0
6001440100,1440100,Alameda,0,0
6001440200,1440200,Alameda,0,0
6001440301,1440301,Alameda,0,0
6001440304,1440304,Alameda,0,0
6001440305,1440305,Alameda,0,0
6001440306,1440306,Alameda,0,0
6001440307,1440307,Alameda,0,0
6001440308,1440308,Alameda,0,0
6001440331,1440331,Alameda,0,0
6001440332,1440332,Alameda,1,0
6001440333,1440333,Alameda,0,0
6001440334,1440334,Alameda,0,0
6001440335,1440335,Alameda,0,0
6001440336,1440336,Alameda,0,0
6001441100,1441100,Alameda,1,0
6001441200,1441200,Alameda,1,0
6001441301,1441301,Alameda,1,0
6001441302,1441302,Alameda,1,0
6001441401,1441401,Alameda,1,0
6001441402,1441402,Alameda,1,0
6001441501,1441501,Alameda,1,0
6001441503,1441503,Alameda,0,0
6001441521,1441521,Alameda,1,0
6001441522,1441522,Alameda,1,0
6001441523,1441523,Alameda,1,0
6001441524,1441524,Alameda,1,0
6001441601,1441601,Alameda,1,0
6001441602,1441602,Alameda,0,0
6001441700,1441700,Alameda,0,0
6001441800,1441800,Alameda,1,0
6001441921,1441921,Alameda,1,0
6001441923,1441923,Alameda,1,0
6001441924,1441924,Alameda,1,0
6001441925,1441925,Alameda,1,0
6001441926,1441926,Alameda,0,0
6001441927,1441927,Alameda,1,0
6001442000,1442000,Alameda,1,0
6001442100,1442100,Alameda,1,0
6001442200,1442200,Alameda,1,0
6001442301,1442301,Alameda,1,0
6001442302,1442302,Alameda,1,0
6001442400,1442400,Alameda,0,0
6001442500,1442500,Alameda,0,0
6001442601,1442601,Alameda,1,0
6001442602,1442602,Alameda,1,0
6001442700,1442700,Alameda,1,0
6001442800,1442800,Alameda,0,0
6001442900,1442900,Alameda,1,0
6001443001,1443001,Alameda,1,0
6001443002,1443002,Alameda,0,0
6001443102,1443102,Alameda,1,0
6001443103,1443103,Alameda,1,0
6001443104,1443104,Alameda,1,0
6001443105,1443105,Alameda,1,0
6001443200,1443200,Alameda,1,0
6001443301,1443301,Alameda,1,0
6001443321,1443321,Alameda,1,0
6001443322,1443322,Alameda,1,0
6001444100,1444100,Alameda,0,0
6001444200,1444200,Alameda,0,0
6001444301,1444301,Alameda,0,0
6001444302,1444302,Alameda,0,0
6001444400,1444400,Alameda,0,0
6001444500,1444500,Alameda,0,0
6001444601,1444601,Alameda,0,0
6001444602,1444602,Alameda,1,0
6001450101,1450101,Alameda,1,0
6001450102,1450102,Alameda,1,0
6001450200,1450200,Alameda,1,0
6001450300,1450300,Alameda,1,0
6001450400,1450400,Alameda,1,0
6001450501,1450501,Alameda,1,0
6001450502,1450502,Alameda,1,0
6001450601,1450601,Alameda,1,0
6001450602,1450602,Alameda,1,0
6001450603,1450603,Alameda,1,0
6001450604,1450604,Alameda,1,0
6001450605,1450605,Alameda,1,0
6001450606,1450606,Alameda,1,0
6001450607,1450607,Alameda,1,0
6001450701,1450701,Alameda,1,0
6001450741,1450741,Alameda,1,0
6001450742,1450742,Alameda,1,0
6001450743,1450743,Alameda,1,0
6001450744,1450744,Alameda,1,0
6001450745,1450745,Alameda,1,0
6001450746,1450746,Alameda,1,0
6001450750,1450750,Alameda,1,0
6001450751,1450751,Alameda,1,0
6001450752,1450752,Alameda,1,0
6001451101,1451101,Alameda,0,0
6001451102,1451102,Alameda,1,0
6001451201,1451201,Alameda,0,0
6001451202,1451202,Alameda,0,0
6001451300,1451300,Alameda,0,0
6001451401,1451401,Alameda,0,0
6001451403,1451403,Alameda,0,0
6001451404,1451404,Alameda,0,0
6001451501,1451501,Alameda,0,0
6001451503,1451503,Alameda,0,0
6001451504,1451504,Alameda,0,0
6001451505,1451505,Alameda,1,0
6001451506,1451506,Alameda,0,0
6001451601,1451601,Alameda,1,0
6001451602,1451602,Alameda,1,0
6001451701,1451701,Alameda,1,0
6001451703,1451703,Alameda,1,0
6001451704,1451704,Alameda,1,0
6001981900,1981900,Alameda,0,0
6001982000,1982000,Alameda,0,0
6001983200,1983200,Alameda,0,0
6001990000,1990000,Alameda,0,0
6013301000,13301000,Contra Costa,0,0
6013302005,13302005,Contra Costa,0,1
6013302006,13302006,Contra Costa,0,0
6013302007,13302007,Contra Costa,0,0
6013302008,13302008,Contra Costa,0,0
6013302009,13302009,Contra Costa,0,0
6013302010,13302010,Contra Costa,0,0
6013303102,13303102,Contra Costa,0,0
6013303103,13303103,Contra Costa,0,0
6013303201,13303201,Contra Costa,0,0
6013303202,13303202,Contra Costa,0,0
6013303203,13303203,Contra Costa,0,0
6013303204,13303204,Contra Costa,0,0
6013303205,13303205,Contra Costa,0,0
6013304001,13304001,Contra Costa,0,0
6013304002,13304002,Contra Costa,0,0
6013304003,13304003,Contra Costa,1,0
6013304004,13304004,Contra Costa,0,0
6013304005,13304005,Contra Costa,1,0
6013305000,13305000,Contra Costa,0,1
6013306002,13306002,Contra Costa,0,1
6013306003,13306003,Contra Costa,0,1
6013306004,13306004,Contra Costa,0,0
6013307101,13307101,Contra Costa,0,0
6013307102,13307102,Contra Costa,0,1
6013307201,13307201,Contra Costa,0,1
6013307202,13307202,Contra Costa,0,1
6013307204,13307204,Contra Costa,0,0
6013307205,13307205,Contra Costa,0,1
6013308001,13308001,Contra Costa,0,0
6013308002,13308002,Contra Costa,0,0
6013309000,13309000,Contra Costa,0,1
6013310000,13310000,Contra Costa,0,1
6013311000,13311000,Contra Costa,0,1
6013312000,13312000,Contra Costa,0,1
6013313101,13313101,Contra Costa,0,1
6013313102,13313102,Contra Costa,0,1
6013313103,13313103,Contra Costa,0,0
6013313203,13313203,Contra Costa,0,0
6013313204,13313204,Contra Costa,0,1
6013313205,13313205,Contra Costa,0,0
6013313206,13313206,Contra Costa,0,1
6013314102,13314102,Contra Costa,0,1
6013314103,13314103,Contra Costa,0,1
6013314104,13314104,Contra Costa,0,1
6013314200,13314200,Contra Costa,0,1
6013315000,13315000,Contra Costa,0,0
6013316000,13316000,Contra Costa,0,1
6013317000,13317000,Contra Costa,0,0
6013318000,13318000,Contra Costa,0,0
6013319000,13319000,Contra Costa,0,0
6013320001,13320001,Contra Costa,0,0
6013320003,13320003,Contra Costa,0,0
6013320004,13320004,Contra Costa,0,0
6013321101,13321101,Contra Costa,0,0
6013321102,13321102,Contra Costa,1,0
6013321103,13321103,Contra Costa,1,0
6013321200,13321200,Contra Costa,0,0
6013322000,13322000,Contra Costa,1,0
6013323000,13323000,Contra Costa,1,0
6013324001,13324001,Contra Costa,0,0
6013324002,13324002,Contra Costa,0,0
6013325000,13325000,Contra Costa,1,0
6013326000,13326000,Contra Costa,1,0
6013327000,13327000,Contra Costa,0,0
6013328000,13328000,Contra Costa,0,1
6013329000,13329000,Contra Costa,0,0
6013330000,13330000,Contra Costa,0,0
6013331000,13331000,Contra Costa,0,0
6013332000,13332000,Contra Costa,0,0
6013333101,13333101,Contra Costa,0,0
6013333102,13333102,Contra Costa,0,0
6013333200,13333200,Contra Costa,0,0
6013334001,13334001,Contra Costa,0,0
6013334004,13334004,Contra Costa,0,0
6013334006,13334006,Contra Costa,0,0
6013334200,13334200,Contra Costa,1,0
6013335000,13335000,Contra Costa,0,0
6013336101,13336101,Contra Costa,0,1
6013336102,13336102,Contra Costa,0,1
6013336201,13336201,Contra Costa,0,1
6013336202,13336202,Contra Costa,0,1
6013337100,13337100,Contra Costa,0,0
6013337200,13337200,Contra Costa,0,0
6013337300,13337300,Contra Costa,1,0
6013338101,13338101,Contra Costa,0,0
6013338102,13338102,Contra Costa,0,0
6013338201,13338201,Contra Costa,1,0
6013338203,13338203,Contra Costa,1,0
6013338204,13338204,Contra Costa,1,0
6013338301,13338301,Contra Costa,1,0
6013338302,13338302,Contra Costa,1,0
6013339001,13339001,Contra Costa,1,0
6013339002,13339002,Contra Costa,1,0
6013340001,13340001,Contra Costa,1,0
6013340002,13340002,Contra Costa,1,0
6013341000,13341000,Contra Costa,1,0
6013343001,13343001,Contra Costa,1,0
6013343002,13343002,Contra Costa,1,0
6013343003,13343003,Contra Costa,1,0
6013345101,13345101,Contra Costa,1,0
6013345102,13345102,Contra Costa,1,0
6013345103,13345103,Contra Costa,1,0
6013345105,13345105,Contra Costa,1,0
6013345108,13345108,Contra Costa,1,0
6013345111,13345111,Contra Costa,1,0
6013345112,13345112,Contra Costa,1,0
6013345113,13345113,Contra Costa,1,0
6013345114,13345114,Contra Costa,1,0
6013345115,13345115,Contra Costa,1,0
6013345116,13345116,Contra Costa,1,0
6013345202,13345202,Contra Costa,1,0
6013345203,13345203,Contra Costa,1,0
6013345204,13345204,Contra Costa,1,0
6013346101,13346101,Contra Costa,1,0
6013346102,13346102,Contra Costa,1,0
6013346201,13346201,Contra Costa,1,0
6013346203,13346203,Contra Costa,1,0
6013346204,13346204,Contra Costa,1,0
6013347000,13347000,Contra Costa,1,0
6013348000,13348000,Contra Costa,1,0
6013349000,13349000,Contra Costa,1,0
6013350000,13350000,Contra Costa,1,0
6013351101,13351101,Contra Costa,1,0
6013351102,13351102,Contra Costa,1,0
6013351103,13351103,Contra Costa,1,0
6013351200,13351200,Contra Costa,1,0
6013352101,13352101,Contra Costa,1,0
6013352102,13352102,Contra Costa,1,0
6013352201,13352201,Contra Costa,1,0
6013352202,13352202,Contra Costa,1,0
6013353001,13353001,Contra Costa,1,0
6013353002,13353002,Contra Costa,1,0
6013354001,13354001,Contra Costa,1,0
6013354002,13354002,Contra Costa,1,0
6013355107,13355107,Contra Costa,0,0
6013355108,13355108,Contra Costa,0,0
6013355109,13355109,Contra Costa,0,0
6013355110,13355110,Contra Costa,0,0
6013355111,13355111,Contra Costa,0,0
6013355112,13355112,Contra Costa,1,0
6013355113,13355113,Contra Costa,1,0
6013355114,13355114,Contra Costa,1,0
6013355115,13355115,Contra Costa,1,0
6013355116,13355116,Contra Costa,1,0
6013355117,13355117,Contra Costa,1,0
6013355200,13355200,Contra Costa,0,0
6013355301,13355301,Contra Costa,1,0
6013355302,13355302,Contra Costa,1,0
6013355304,13355304,Contra Costa,1,0
6013355306,13355306,Contra Costa,1,0
6013356001,13356001,Contra Costa,0,0
6013356002,13356002,Contra Costa,0,0
6013357000,13357000,Contra Costa,0,0
6013358000,13358000,Contra Costa,0,1
6013359102,13359102,Contra Costa,0,0
6013359103,13359103,Contra Costa,0,0
6013359104,13359104,Contra Costa,0,0
6013359105,13359105,Contra Costa,0,0
6013359202,13359202,Contra Costa,0,0
6013359203,13359203,Contra Costa,0,0
6013359204,13359204,Contra Costa,0,0
6013360101,13360101,Contra Costa,0,0
6013360102,13360102,Contra Costa,0,0
6013360200,13360200,Contra Costa,0,0
6013361000,13361000,Contra Costa,0,0
6013362000,13362000,Contra Costa,0,0
6013363000,13363000,Contra Costa,0,0
6013364002,13364002,Contra Costa,0,1
6013365002,13365002,Contra Costa,0,1
6013365003,13365003,Contra Costa,0,0
6013366001,13366001,Contra Costa,0,1
6013366002,13366002,Contra Costa,0,1
6013367100,13367100,Contra Costa,0,1
6013367200,13367200,Contra Costa,0,1
6013368001,13368001,Contra Costa,0,1
6013368002,13368002,Contra Costa,0,1
6013369001,13369001,Contra Costa,0,1
6013369002,13369002,Contra Costa,0,1
6013370000,13370000,Contra Costa,0,0
6013371000,13371000,Contra Costa,0,1
6013372000,13372000,Contra Costa,0,1
6013373000,13373000,Contra Costa,0,1
6013374000,13374000,Contra Costa,0,1
6013375000,13375000,Contra Costa,0,1
6013376000,13376000,Contra Costa,0,1
6013377000,13377000,Contra Costa,0,1
6013378000,13378000,Contra Costa,0,0
6013379000,13379000,Contra Costa,0,1
6013380000,13380000,Contra Costa,0,1
6013381000,13381000,Contra Costa,0,1
6013382000,13382000,Contra Costa,0,1
6013383000,13383000,Contra Costa,0,0
6013384000,13384000,Contra Costa,0,0
6013385100,13385100,Contra Costa,1,0
6013385200,13385200,Contra Costa,0,0
6013386000,13386000,Contra Costa,0,1
6013387000,13387000,Contra Costa,0,0
6013388000,13388000,Contra Costa,0,0
6013389100,13389100,Contra Costa,1,0
6013389200,13389200,Contra Costa,0,1
6013390100,13390100,Contra Costa,1,0
6013390200,13390200,Contra Costa,1,0
6013391000,13391000,Contra Costa,1,0
6013392000,13392000,Contra Costa,1,0
6013392200,13392200,Contra Costa,0,0
6013392300,13392300,Contra Costa,0,0
6013990000,13990000,Contra Costa,0,0
6041101100,41101100,Marin,0,0
6041101200,41101200,Marin,1,0
6041102100,41102100,Marin,1,0
6041102202,41102202,Marin,1,0
6041102203,41102203,Marin,0,0
6041103100,41103100,Marin,1,0
6041103200,41103200,Marin,1,0
6041104101,41104101,Marin,0,0
6041104102,41104102,Marin,0,0
6041104200,41104200,Marin,0,0
6041104300,41104300,Marin,0,0
6041105000,41105000,Marin,0,0
6041106001,41106001,Marin,0,0
6041106002,41106002,Marin,0,0
6041107000,41107000,Marin,1,0
6041108100,41108100,Marin,1,0
6041108200,41108200,Marin,1,1
6041109001,41109001,Marin,0,0
6041109002,41109002,Marin,1,0
6041110100,41110100,Marin,0,0
6041110200,41110200,Marin,0,0
6041111000,41111000,Marin,0,0
6041112100,41112100,Marin,0,0
6041112201,41112201,Marin,0,1
6041112202,41112202,Marin,0,1
6041113000,41113000,Marin,0,0
6041114100,41114100,Marin,1,0
6041114200,41114200,Marin,1,0
6041115000,41115000,Marin,1,0
6041116000,41116000,Marin,1,0
6041117000,41117000,Marin,1,0
6041118100,41118100,Marin,1,0
6041119100,41119100,Marin,1,0
6041119201,41119201,Marin,1,0
6041119202,41119202,Marin,1,0
6041120000,41120000,Marin,1,0
6041121100,41121100,Marin,1,0
6041121200,41121200,Marin,1,0
6041122000,41122000,Marin,0,0
6041123000,41123000,Marin,1,0
6041124100,41124100,Marin,1,0
6041124200,41124200,Marin,1,0
6041125000,41125000,Marin,1,0
6041126100,41126100,Marin,1,0
6041126200,41126200,Marin,1,0
6041127000,41127000,Marin,1,0
6041128100,41128100,Marin,1,0
6041128200,41128200,Marin,1,0
6041129000,41129000,Marin,0,1
6041130201,41130201,Marin,1,0
6041130202,41130202,Marin,1,0
6041131100,41131100,Marin,1,0
6041132100,41132100,Marin,1,0
6041132200,41132200,Marin,0,0
6041133000,41133000,Marin,0,0
6041990100,41990100,Marin,0,0
6055200201,55200201,Napa,0,0
6055200202,55200202,Napa,0,1
6055200203,55200203,Napa,0,0
6055200301,55200301,Napa,0,1
6055200302,55200302,Napa,0,0
6055200400,55200400,Napa,0,0
6055200501,55200501,Napa,0,0
6055200503,55200503,Napa,0,0
6055200504,55200504,Napa,0,0
6055200505,55200505,Napa,0,0
6055200601,55200601,Napa,0,0
6055200602,55200602,Napa,0,0
6055200703,55200703,Napa,0,0
6055200704,55200704,Napa,0,0
6055200705,55200705,Napa,0,0
6055200706,55200706,Napa,0,0
6055200707,55200707,Napa,0,0
6055200802,55200802,Napa,0,0
6055200803,55200803,Napa,0,0
6055200804,55200804,Napa,0,1
6055200900,55200900,Napa,0,1
6055201003,55201003,Napa,0,0
6055201004,55201004,Napa,0,0
6055201005,55201005,Napa,0,0
6055201006,55201006,Napa,0,0
6055201007,55201007,Napa,0,0
6055201101,55201101,Napa,0,0
6055201102,55201102,Napa,0,0
6055201200,55201200,Napa,0,0
6055201300,55201300,Napa,0,0
6055201401,55201401,Napa,1,0
6055201402,55201402,Napa,1,0
6055201403,55201403,Napa,0,0
6055201500,55201500,Napa,1,0
6055201601,55201601,Napa,0,0
6055201602,55201602,Napa,1,0
6055201700,55201700,Napa,1,0
6055201800,55201800,Napa,0,0
6055201900,55201900,Napa,0,0
6055202000,55202000,Napa,0,1
6075010100,75010100,San Francisco,0,1
6075010200,75010200,San Francisco,1,0
6075010300,75010300,San Francisco,1,0
6075010400,75010400,San Francisco,1,0
6075010500,75010500,San Francisco,1,0
6075010600,75010600,San Francisco,0,1
6075010700,75010700,San Francisco,0,1
6075010800,75010800,San Francisco,1,0
6075010900,75010900,San Francisco,1,0
6075011000,75011000,San Francisco,1,0
6075011100,75011100,San Francisco,1,0
6075011200,75011200,San Francisco,1,0
6075011300,75011300,San Francisco,0,1
6075011700,75011700,San Francisco,0,1
6075011800,75011800,San Francisco,0,1
6075011901,75011901,San Francisco,0,0
6075011902,75011902,San Francisco,0,0
6075012000,75012000,San Francisco,0,1
6075012100,75012100,San Francisco,0,0
6075012201,75012201,San Francisco,0,1
6075012202,75012202,San Francisco,0,1
6075012301,75012301,San Francisco,0,1
6075012302,75012302,San Francisco,0,1
6075012401,75012401,San Francisco,0,1
6075012402,75012402,San Francisco,0,1
6075012501,75012501,San Francisco,0,1
6075012502,75012502,San Francisco,0,1
6075012601,75012601,San Francisco,1,0
6075012602,75012602,San Francisco,1,0
6075012700,75012700,San Francisco,1,0
6075012800,75012800,San Francisco,1,0
6075012901,75012901,San Francisco,1,0
6075012902,75012902,San Francisco,1,0
6075013000,75013000,San Francisco,1,0
6075013101,75013101,San Francisco,1,0
6075013102,75013102,San Francisco,1,0
6075013200,75013200,San Francisco,1,0
6075013300,75013300,San Francisco,1,0
6075013400,75013400,San Francisco,1,0
6075013500,75013500,San Francisco,1,0
6075015100,75015100,San Francisco,0,0
6075015200,75015200,San Francisco,0,0
6075015300,75015300,San Francisco,1,0
6075015400,75015400,San Francisco,1,0
6075015500,75015500,San Francisco,1,1
6075015600,75015600,San Francisco,1,0
6075015700,75015700,San Francisco,1,0
6075015801,75015801,San Francisco,1,1
6075015802,75015802,San Francisco,1,0
6075015900,75015900,San Francisco,0,1
6075016000,75016000,San Francisco,0,1
6075016100,75016100,San Francisco,0,1
6075016200,75016200,San Francisco,0,0
6075016300,75016300,San Francisco,1,0
6075016400,75016400,San Francisco,1,0
6075016500,75016500,San Francisco,1,0
6075016600,75016600,San Francisco,1,0
6075016700,75016700,San Francisco,1,0
6075016801,75016801,San Francisco,1,0
6075016802,75016802,San Francisco,0,0
6075016900,75016900,San Francisco,1,0
6075017000,75017000,San Francisco,1,0
6075017101,75017101,San Francisco,1,0
6075017102,75017102,San Francisco,1,0
6075017601,75017601,San Francisco,0,1
6075017700,75017700,San Francisco,0,0
6075017801,75017801,San Francisco,0,1
6075017802,75017802,San Francisco,0,1
6075017902,75017902,San Francisco,0,1
6075018000,75018000,San Francisco,0,0
6075020100,75020100,San Francisco,0,1
6075020200,75020200,San Francisco,0,0
6075020300,75020300,San Francisco,1,0
6075020401,75020401,San Francisco,1,0
6075020402,75020402,San Francisco,1,0
6075020500,75020500,San Francisco,1,0
6075020600,75020600,San Francisco,1,0
6075020700,75020700,San Francisco,1,0
6075020800,75020800,San Francisco,0,0
6075020900,75020900,San Francisco,0,1
6075021000,75021000,San Francisco,1,0
6075021100,75021100,San Francisco,1,0
6075021200,75021200,San Francisco,1,0
6075021300,75021300,San Francisco,1,0
6075021400,75021400,San Francisco,1,0
6075021500,75021500,San Francisco,1,0
6075021600,75021600,San Francisco,1,0
6075021700,75021700,San Francisco,1,0
6075021800,75021800,San Francisco,1,0
6075022600,75022600,San Francisco,0,0
6075022702,75022702,San Francisco,1,0
6075022704,75022704,San Francisco,0,0
6075022801,75022801,San Francisco,0,0
6075022802,75022802,San Francisco,0,0
6075022803,75022803,San Francisco,0,0
6075022901,75022901,San Francisco,0,1
6075022902,75022902,San Francisco,0,1
6075022903,75022903,San Francisco,0,0
6075023001,75023001,San Francisco,0,1
6075023003,75023003,San Francisco,0,0
6075023102,75023102,San Francisco,0,1
6075023103,75023103,San Francisco,0,1
6075023200,75023200,San Francisco,0,1
6075023300,75023300,San Francisco,0,1
6075023400,75023400,San Francisco,0,1
6075025100,75025100,San Francisco,0,0
6075025200,75025200,San Francisco,0,0
6075025300,75025300,San Francisco,0,0
6075025401,75025401,San Francisco,0,0
6075025402,75025402,San Francisco,0,0
6075025403,75025403,San Francisco,0,0
6075025500,75025500,San Francisco,0,0
6075025600,75025600,San Francisco,0,0
6075025701,75025701,San Francisco,0,0
6075025702,75025702,San Francisco,0,1
6075025800,75025800,San Francisco,0,0
6075025900,75025900,San Francisco,0,0
6075026001,75026001,San Francisco,0,1
6075026002,75026002,San Francisco,0,0
6075026003,75026003,San Francisco,0,0
6075026004,75026004,San Francisco,0,0
6075026100,75026100,San Francisco,0,0
6075026200,75026200,San Francisco,0,1
6075026301,75026301,San Francisco,0,1
6075026302,75026302,San Francisco,0,0
6075026303,75026303,San Francisco,0,0
6075026401,75026401,San Francisco,0,0
6075026402,75026402,San Francisco,0,0
6075026403,75026403,San Francisco,0,1
6075026404,75026404,San Francisco,0,1
6075030101,75030101,San Francisco,1,0
6075030102,75030102,San Francisco,1,0
6075030201,75030201,San Francisco,1,0
6075030202,75030202,San Francisco,1,0
6075030301,75030301,San Francisco,1,0
6075030302,75030302,San Francisco,1,0
6075030400,75030400,San Francisco,1,0
6075030500,75030500,San Francisco,1,0
6075030600,75030600,San Francisco,1,0
6075030700,75030700,San Francisco,1,0
6075030800,75030800,San Francisco,1,0
6075030900,75030900,San Francisco,1,0
6075031000,75031000,San Francisco,1,0
6075031100,75031100,San Francisco,1,0
6075031201,75031201,San Francisco,1,0
6075031202,75031202,San Francisco,0,1
6075031301,75031301,San Francisco,0,1
6075031302,75031302,San Francisco,0,0
6075031400,75031400,San Francisco,0,1
6075032601,75032601,San Francisco,1,0
6075032602,75032602,San Francisco,1,0
6075032700,75032700,San Francisco,1,0
6075032801,75032801,San Francisco,1,0
6075032802,75032802,San Francisco,1,0
6075032901,75032901,San Francisco,1,0
6075032902,75032902,San Francisco,1,0
6075033000,75033000,San Francisco,1,0
6075033100,75033100,San Francisco,1,0
6075033201,75033201,San Francisco,0,1
6075033203,75033203,San Francisco,0,0
6075033204,75033204,San Francisco,0,1
6075035100,75035100,San Francisco,1,0
6075035201,75035201,San Francisco,1,0
6075035202,75035202,San Francisco,1,0
6075035300,75035300,San Francisco,1,0
6075035400,75035400,San Francisco,1,0
6075040100,75040100,San Francisco,1,0
6075040200,75040200,San Francisco,1,0
6075042601,75042601,San Francisco,1,0
6075042602,75042602,San Francisco,1,0
6075042700,75042700,San Francisco,1,1
6075042800,75042800,San Francisco,1,0
6075045100,75045100,San Francisco,1,0
6075045200,75045200,San Francisco,1,0
6075047600,75047600,San Francisco,1,0
6075047701,75047701,San Francisco,1,0
6075047702,75047702,San Francisco,1,0
6075047801,75047801,San Francisco,1,0
6075047802,75047802,San Francisco,1,0
6075047901,75047901,San Francisco,1,0
6075047902,75047902,San Francisco,1,0
6075060100,75060100,San Francisco,1,0
6075060400,75060400,San Francisco,0,0
6075060502,75060502,San Francisco,0,1
6075060700,75060700,San Francisco,0,0
6075061000,75061000,San Francisco,0,0
6075061100,75061100,San Francisco,0,1
6075061200,75061200,San Francisco,0,1
6075061400,75061400,San Francisco,0,0
6075061500,75061500,San Francisco,0,0
6075980200,75980200,San Francisco,0,0
6075980300,75980300,San Francisco,1,0
6075980401,75980401,San Francisco,0,0
6075980501,75980501,San Francisco,0,1
6075980600,75980600,San Francisco,0,1
6075980900,75980900,San Francisco,0,0
6075990100,75990100,San Francisco,0,0
6081600100,81600100,San Mateo,0,0
6081600200,81600200,San Mateo,0,0
6081600300,81600300,San Mateo,0,0
6081600401,81600401,San Mateo,1,0
6081600402,81600402,San Mateo,0,0
6081600500,81600500,San Mateo,1,0
6081600600,81600600,San Mateo,0,0
6081600700,81600700,San Mateo,0,0
6081600800,81600800,San Mateo,0,1
6081600900,81600900,San Mateo,1,0
6081601000,81601000,San Mateo,0,0
6081601100,81601100,San Mateo,1,0
6081601200,81601200,San Mateo,0,0
6081601300,81601300,San Mateo,0,0
6081601400,81601400,San Mateo,0,0
6081601501,81601501,San Mateo,0,0
6081601502,81601502,San Mateo,0,1
6081601601,81601601,San Mateo,0,0
6081601603,81601603,San Mateo,1,0
6081601604,81601604,San Mateo,0,0
6081601605,81601605,San Mateo,1,0
6081601700,81601700,San Mateo,1,0
6081601800,81601800,San Mateo,1,0
6081601901,81601901,San Mateo,1,0
6081601902,81601902,San Mateo,1,0
6081602000,81602000,San Mateo,0,0
6081602100,81602100,San Mateo,0,1
6081602200,81602200,San Mateo,0,1
6081602300,81602300,San Mateo,0,1
6081602400,81602400,San Mateo,0,0
6081602500,81602500,San Mateo,1,0
6081602600,81602600,San Mateo,1,0
6081602700,81602700,San Mateo,1,0
6081602800,81602800,San Mateo,1,0
6081602900,81602900,San Mateo,1,0
6081603000,81603000,San Mateo,1,0
6081603100,81603100,San Mateo,1,0
6081603200,81603200,San Mateo,1,0
6081603300,81603300,San Mateo,1,0
6081603400,81603400,San Mateo,1,0
6081603700,81603700,San Mateo,1,0
6081603801,81603801,San Mateo,1,0
6081603802,81603802,San Mateo,1,0
6081603900,81603900,San Mateo,0,0
6081604000,81604000,San Mateo,0,0
6081604101,81604101,San Mateo,0,1
6081604102,81604102,San Mateo,0,0
6081604200,81604200,San Mateo,0,0
6081604400,81604400,San Mateo,1,0
6081604500,81604500,San Mateo,1,0
6081604600,81604600,San Mateo,1,0
6081604700,81604700,San Mateo,1,0
6081604800,81604800,San Mateo,1,0
6081604900,81604900,San Mateo,1,0
6081605000,81605000,San Mateo,1,0
6081605100,81605100,San Mateo,1,0
6081605200,81605200,San Mateo,1,0
6081605300,81605300,San Mateo,1,0
6081605400,81605400,San Mateo,1,0
6081605500,81605500,San Mateo,1,0
6081605600,81605600,San Mateo,1,0
6081605700,81605700,San Mateo,1,0
6081605800,81605800,San Mateo,1,0
6081605900,81605900,San Mateo,1,0
6081606000,81606000,San Mateo,0,1
6081606100,81606100,San Mateo,0,1
6081606200,81606200,San Mateo,0,1
6081606300,81606300,San Mateo,1,0
6081606400,81606400,San Mateo,1,0
6081606500,81606500,San Mateo,1,0
6081606600,81606600,San Mateo,0,0
6081606700,81606700,San Mateo,1,0
6081606800,81606800,San Mateo,1,0
6081606900,81606900,San Mateo,1,0
6081607000,81607000,San Mateo,1,0
6081607100,81607100,San Mateo,1,0
6081607200,81607200,San Mateo,1,0
6081607300,81607300,San Mateo,1,0
6081607400,81607400,San Mateo,0,0
6081607500,81607500,San Mateo,0,0
6081607600,81607600,San Mateo,0,0
6081607701,81607701,San Mateo,0,1
6081607702,81607702,San Mateo,0,0
6081607800,81607800,San Mateo,0,0
6081607900,81607900,San Mateo,0,0
6081608001,81608001,San Mateo,1,0
6081608002,81608002,San Mateo,1,0
6081608004,81608004,San Mateo,1,0
6081608013,81608013,San Mateo,1,0
6081608023,81608023,San Mateo,1,0
6081608100,81608100,San Mateo,1,0
6081608200,81608200,San Mateo,1,0
6081608300,81608300,San Mateo,1,0
6081608400,81608400,San Mateo,1,0
6081608501,81608501,San Mateo,1,0
6081608502,81608502,San Mateo,1,0
6081608600,81608600,San Mateo,1,0
6081608700,81608700,San Mateo,1,0
6081608800,81608800,San Mateo,1,0
6081608900,81608900,San Mateo,1,0
6081609000,81609000,San Mateo,1,0
6081609100,81609100,San Mateo,0,0
6081609201,81609201,San Mateo,1,0
6081609202,81609202,San Mateo,1,0
6081609300,81609300,San Mateo,1,0
6081609400,81609400,San Mateo,1,0
6081609500,81609500,San Mateo,1,0
6081609601,81609601,San Mateo,1,0
6081609602,81609602,San Mateo,1,0
6081609603,81609603,San Mateo,1,0
6081609700,81609700,San Mateo,1,0
6081609800,81609800,San Mateo,1,0
6081609900,81609900,San Mateo,1,0
6081610000,81610000,San Mateo,1,0
6081610100,81610100,San Mateo,1,0
6081610201,81610201,San Mateo,0,1
6081610202,81610202,San Mateo,0,0
6081610203,81610203,San Mateo,0,1
6081610302,81610302,San Mateo,0,0
6081610303,81610303,San Mateo,1,0
6081610304,81610304,San Mateo,1,0
6081610400,81610400,San Mateo,0,1
6081610500,81610500,San Mateo,0,1
6081610601,81610601,San Mateo,0,1
6081610602,81610602,San Mateo,0,0
6081610700,81610700,San Mateo,0,0
6081610800,81610800,San Mateo,0,1
6081610900,81610900,San Mateo,1,1
6081611000,81611000,San Mateo,0,0
6081611100,81611100,San Mateo,1,0
6081611200,81611200,San Mateo,0,0
6081611300,81611300,San Mateo,0,0
6081611400,81611400,San Mateo,0,0
6081611500,81611500,San Mateo,1,0
6081611600,81611600,San Mateo,1,0
6081611700,81611700,San Mateo,0,1
6081611800,81611800,San Mateo,0,1
6081611900,81611900,San Mateo,0,1
6081612000,81612000,San Mateo,0,1
6081612100,81612100,San Mateo,0,1
6081612500,81612500,San Mateo,1,0
6081612600,81612600,San Mateo,1,0
6081612700,81612700,San Mateo,1,0
6081612800,81612800,San Mateo,1,0
6081612900,81612900,San Mateo,1,0
6081613000,81613000,San Mateo,1,0
6081613200,81613200,San Mateo,1,0
6081613300,81613300,San Mateo,1,0
6081613400,81613400,San Mateo,1,0
6081613501,81613501,San Mateo,0,0
6081613502,81613502,San Mateo,1,0
6081613600,81613600,San Mateo,1,0
6081613700,81613700,San Mateo,0,0
6081613800,81613800,San Mateo,0,0
6081613900,81613900,San Mateo,1,0
6081614000,81614000,San Mateo,1,0
6081984300,81984300,San Mateo,0,0
6081990100,81990100,San Mateo,0,0
6085500100,85500100,Santa Clara,0,0
6085500200,85500200,Santa Clara,0,0
6085500300,85500300,Santa Clara,0,0
6085500400,85500400,Santa Clara,0,0
6085500500,85500500,Santa Clara,0,0
6085500600,85500600,Santa Clara,0,0
6085500800,85500800,Santa Clara,0,0
6085500901,85500901,Santa Clara,0,1
6085500902,85500902,Santa Clara,0,1
6085501000,85501000,Santa Clara,0,1
6085501101,85501101,Santa Clara,0,1
6085501102,85501102,Santa Clara,0,0
6085501200,85501200,Santa Clara,0,1
6085501300,85501300,Santa Clara,0,0
6085501401,85501401,Santa Clara,0,1
6085501402,85501402,Santa Clara,0,1
6085501501,85501501,Santa Clara,0,1
6085501502,85501502,Santa Clara,0,1
6085501600,85501600,Santa Clara,0,1
6085501700,85501700,Santa Clara,0,1
6085501800,85501800,Santa Clara,0,0
6085501900,85501900,Santa Clara,0,0
6085502001,85502001,Santa Clara,0,1
6085502002,85502002,Santa Clara,0,1
6085502101,85502101,Santa Clara,0,0
6085502102,85502102,Santa Clara,0,1
6085502201,85502201,Santa Clara,0,0
6085502202,85502202,Santa Clara,1,0
6085502301,85502301,Santa Clara,1,0
6085502302,85502302,Santa Clara,1,0
6085502400,85502400,Santa Clara,0,0
6085502500,85502500,Santa Clara,1,0
6085502601,85502601,Santa Clara,1,0
6085502603,85502603,Santa Clara,1,0
6085502604,85502604,Santa Clara,1,0
6085502701,85502701,Santa Clara,1,0
6085502702,85502702,Santa Clara,1,0
6085502800,85502800,Santa Clara,1,0
6085502901,85502901,Santa Clara,1,0
6085502902,85502902,Santa Clara,1,0
6085502903,85502903,Santa Clara,1,0
6085502906,85502906,Santa Clara,1,0
6085502907,85502907,Santa Clara,1,0
6085502908,85502908,Santa Clara,1,0
6085502909,85502909,Santa Clara,0,0
6085502910,85502910,Santa Clara,0,0
6085503001,85503001,Santa Clara,1,0
6085503002,85503002,Santa Clara,0,0
6085503003,85503003,Santa Clara,1,0
6085503105,85503105,Santa Clara,0,1
6085503108,85503108,Santa Clara,0,0
6085503110,85503110,Santa Clara,0,1
6085503111,85503111,Santa Clara,0,1
6085503112,85503112,Santa Clara,0,1
6085503113,85503113,Santa Clara,0,1
6085503115,85503115,Santa Clara,0,0
6085503116,85503116,Santa Clara,0,0
6085503117,85503117,Santa Clara,0,1
6085503118,85503118,Santa Clara,0,1
6085503121,85503121,Santa Clara,0,1
6085503122,85503122,Santa Clara,0,1
6085503123,85503123,Santa Clara,0,1
6085503204,85503204,Santa Clara,0,1
6085503207,85503207,Santa Clara,0,0
6085503208,85503208,Santa Clara,0,0
6085503210,85503210,Santa Clara,0,0
6085503211,85503211,Santa Clara,0,0
6085503212,85503212,Santa Clara,0,0
6085503213,85503213,Santa Clara,0,1
6085503214,85503214,Santa Clara,0,1
6085503217,85503217,Santa Clara,0,1
6085503218,85503218,Santa Clara,0,1
6085503304,85503304,Santa Clara,0,1
6085503305,85503305,Santa Clara,0,0
6085503306,85503306,Santa Clara,0,1
6085503312,85503312,Santa Clara,0,0
6085503313,85503313,Santa Clara,1,0
6085503315,85503315,Santa Clara,0,1
6085503321,85503321,Santa Clara,0,0
6085503322,85503322,Santa Clara,0,0
6085503323,85503323,Santa Clara,0,0
6085503324,85503324,Santa Clara,0,0
6085503325,85503325,Santa Clara,0,0
6085503326,85503326,Santa Clara,1,0
6085503327,85503327,Santa Clara,0,0
6085503329,85503329,Santa Clara,1,0
6085503330,85503330,Santa Clara,1,0
6085503331,85503331,Santa Clara,1,0
6085503332,85503332,Santa Clara,1,0
6085503333,85503333,Santa Clara,1,0
6085503334,85503334,Santa Clara,1,0
6085503336,85503336,Santa Clara,0,0
6085503337,85503337,Santa Clara,0,0
6085503401,85503401,Santa Clara,0,1
6085503402,85503402,Santa Clara,0,1
6085503504,85503504,Santa Clara,0,0
6085503506,85503506,Santa Clara,0,1
6085503507,85503507,Santa Clara,0,0
6085503508,85503508,Santa Clara,0,1
6085503509,85503509,Santa Clara,0,0
6085503510,85503510,Santa Clara,0,1
6085503511,85503511,Santa Clara,0,0
6085503601,85503601,Santa Clara,0,1
6085503602,85503602,Santa Clara,0,1
6085503703,85503703,Santa Clara,0,1
6085503707,85503707,Santa Clara,0,0
6085503708,85503708,Santa Clara,0,1
6085503709,85503709,Santa Clara,0,1
6085503710,85503710,Santa Clara,0,1
6085503711,85503711,Santa Clara,0,1
6085503712,85503712,Santa Clara,0,1
6085503713,85503713,Santa Clara,0,1
6085503802,85503802,Santa Clara,0,0
6085503803,85503803,Santa Clara,0,0
6085503804,85503804,Santa Clara,0,0
6085503902,85503902,Santa Clara,0,0
6085503903,85503903,Santa Clara,0,1
6085504001,85504001,Santa Clara,0,1
6085504002,85504002,Santa Clara,0,0
6085504101,85504101,Santa Clara,0,1
6085504102,85504102,Santa Clara,0,0
6085504201,85504201,Santa Clara,0,0
6085504202,85504202,Santa Clara,0,0
6085504307,85504307,Santa Clara,0,0
6085504308,85504308,Santa Clara,1,0
6085504311,85504311,Santa Clara,0,0
6085504314,85504314,Santa Clara,0,0
6085504315,85504315,Santa Clara,0,0
6085504316,85504316,Santa Clara,0,0
6085504317,85504317,Santa Clara,0,0
6085504318,85504318,Santa Clara,0,1
6085504319,85504319,Santa Clara,0,0
6085504320,85504320,Santa Clara,1,0
6085504321,85504321,Santa Clara,0,0
6085504322,85504322,Santa Clara,0,0
6085504323,85504323,Santa Clara,0,0
6085504410,85504410,Santa Clara,0,0
6085504411,85504411,Santa Clara,1,0
6085504412,85504412,Santa Clara,0,0
6085504413,85504413,Santa Clara,1,0
6085504414,85504414,Santa Clara,1,0
6085504415,85504415,Santa Clara,1,0
6085504416,85504416,Santa Clara,1,0
6085504417,85504417,Santa Clara,1,0
6085504418,85504418,Santa Clara,0,0
6085504420,85504420,Santa Clara,1,0
6085504421,85504421,Santa Clara,1,0
6085504422,85504422,Santa Clara,1,0
6085504423,85504423,Santa Clara,1,0
6085504504,85504504,Santa Clara,0,0
6085504505,85504505,Santa Clara,1,0
6085504506,85504506,Santa Clara,0,0
6085504507,85504507,Santa Clara,1,0
6085504601,85504601,Santa Clara,0,0
6085504602,85504602,Santa Clara,0,0
6085504700,85504700,Santa Clara,0,0
6085504802,85504802,Santa Clara,0,0
6085504803,85504803,Santa Clara,0,0
6085504805,85504805,Santa Clara,0,0
6085504806,85504806,Santa Clara,0,0
6085504901,85504901,Santa Clara,1,0
6085505001,85505001,Santa Clara,0,0
6085505006,85505006,Santa Clara,0,0
6085505007,85505007,Santa Clara,0,0
6085505008,85505008,Santa Clara,1,0
6085505009,85505009,Santa Clara,0,0
6085505100,85505100,Santa Clara,0,1
6085505202,85505202,Santa Clara,0,1
6085505203,85505203,Santa Clara,0,0
6085505301,85505301,Santa Clara,0,0
6085505302,85505302,Santa Clara,0,0
6085505303,85505303,Santa Clara,0,0
6085505304,85505304,Santa Clara,0,0
6085505305,85505305,Santa Clara,0,0
6085505401,85505401,Santa Clara,0,0
6085505402,85505402,Santa Clara,1,0
6085505403,85505403,Santa Clara,1,0
6085505500,85505500,Santa Clara,0,0
6085505600,85505600,Santa Clara,0,0
6085505700,85505700,Santa Clara,0,0
6085505800,85505800,Santa Clara,1,0
6085505900,85505900,Santa Clara,1,0
6085506000,85506000,Santa Clara,1,0
6085506101,85506101,Santa Clara,1,0
6085506102,85506102,Santa Clara,1,0
6085506103,85506103,Santa Clara,1,0
6085506202,85506202,Santa Clara,1,0
6085506203,85506203,Santa Clara,1,0
6085506204,85506204,Santa Clara,1,0
6085506301,85506301,Santa Clara,0,0
6085506302,85506302,Santa Clara,0,0
6085506304,85506304,Santa Clara,0,0
6085506305,85506305,Santa Clara,0,0
6085506401,85506401,Santa Clara,0,0
6085506402,85506402,Santa Clara,0,0
6085506501,85506501,Santa Clara,0,1
6085506502,85506502,Santa Clara,0,0
6085506503,85506503,Santa Clara,0,0
6085506601,85506601,Santa Clara,1,0
6085506603,85506603,Santa Clara,1,0
6085506604,85506604,Santa Clara,1,0
6085506605,85506605,Santa Clara,1,0
6085506606,85506606,Santa Clara,0,0
6085506701,85506701,Santa Clara,1,0
6085506702,85506702,Santa Clara,1,0
6085506703,85506703,Santa Clara,1,0
6085506801,85506801,Santa Clara,1,0
6085506802,85506802,Santa Clara,1,0
6085506803,85506803,Santa Clara,1,0
6085506804,85506804,Santa Clara,1,0
6085506900,85506900,Santa Clara,1,0
6085507001,85507001,Santa Clara,1,0
6085507002,85507002,Santa Clara,1,0
6085507100,85507100,Santa Clara,1,0
6085507203,85507203,Santa Clara,1,0
6085507205,85507205,Santa Clara,1,0
6085507206,85507206,Santa Clara,1,0
6085507301,85507301,Santa Clara,1,0
6085507302,85507302,Santa Clara,1,0
6085507401,85507401,Santa Clara,1,0
6085507402,85507402,Santa Clara,1,0
6085507500,85507500,Santa Clara,1,0
6085507600,85507600,Santa Clara,1,0
6085507701,85507701,Santa Clara,1,0
6085507702,85507702,Santa Clara,1,0
6085507703,85507703,Santa Clara,1,0
6085507805,85507805,Santa Clara,1,0
6085507806,85507806,Santa Clara,1,0
6085507807,85507807,Santa Clara,1,0
6085507808,85507808,Santa Clara,1,0
6085507903,85507903,Santa Clara,1,0
6085507904,85507904,Santa Clara,1,0
6085507905,85507905,Santa Clara,1,0
6085507906,85507906,Santa Clara,1,0
6085508001,85508001,Santa Clara,1,0
6085508003,85508003,Santa Clara,1,0
6085508004,85508004,Santa Clara,1,0
6085508101,85508101,Santa Clara,1,0
6085508102,85508102,Santa Clara,1,0
6085508202,85508202,Santa Clara,1,0
6085508203,85508203,Santa Clara,1,0
6085508204,85508204,Santa Clara,1,0
6085508301,85508301,Santa Clara,1,0
6085508303,85508303,Santa Clara,1,0
6085508304,85508304,Santa Clara,1,0
6085508401,85508401,Santa Clara,1,0
6085508403,85508403,Santa Clara,1,0
6085508404,85508404,Santa Clara,1,0
6085508503,85508503,Santa Clara,1,0
6085508504,85508504,Santa Clara,1,0
6085508505,85508505,Santa Clara,1,0
6085508507,85508507,Santa Clara,1,0
6085508508,85508508,Santa Clara,0,0
6085508601,85508601,Santa Clara,1,0
6085508602,85508602,Santa Clara,1,0
6085508703,85508703,Santa Clara,1,0
6085508704,85508704,Santa Clara,0,0
6085508800,85508800,Santa Clara,0,0
6085508900,85508900,Santa Clara,0,0
6085509000,85509000,Santa Clara,0,1
6085509102,85509102,Santa Clara,1,0
6085509105,85509105,Santa Clara,1,0
6085509106,85509106,Santa Clara,1,0
6085509107,85509107,Santa Clara,1,0
6085509108,85509108,Santa Clara,1,0
6085509109,85509109,Santa Clara,1,0
6085509201,85509201,Santa Clara,1,0
6085509202,85509202,Santa Clara,1,0
6085509302,85509302,Santa Clara,1,0
6085509303,85509303,Santa Clara,0,0
6085509304,85509304,Santa Clara,0,0
6085509401,85509401,Santa Clara,1,0
6085509403,85509403,Santa Clara,0,0
6085509404,85509404,Santa Clara,0,0
6085509500,85509500,Santa Clara,1,0
6085509600,85509600,Santa Clara,1,0
6085509700,85509700,Santa Clara,1,0
6085509801,85509801,Santa Clara,1,0
6085509802,85509802,Santa Clara,1,0
6085509901,85509901,Santa Clara,1,0
6085509902,85509902,Santa Clara,1,0
6085510001,85510001,Santa Clara,1,0
6085510002,85510002,Santa Clara,1,0
6085510100,85510100,Santa Clara,1,0
6085510200,85510200,Santa Clara,1,0
6085510300,85510300,Santa Clara,1,0
6085510400,85510400,Santa Clara,1,0
6085510500,85510500,Santa Clara,1,0
6085510600,85510600,Santa Clara,1,0
6085510700,85510700,Santa Clara,1,0
6085510801,85510801,Santa Clara,1,0
6085510802,85510802,Santa Clara,1,0
6085510803,85510803,Santa Clara,1,0
6085510900,85510900,Santa Clara,1,0
6085511000,85511000,Santa Clara,1,0
6085511100,85511100,Santa Clara,1,0
6085511200,85511200,Santa Clara,1,0
6085511301,85511301,Santa Clara,1,0
6085511302,85511302,Santa Clara,1,0
6085511400,85511400,Santa Clara,1,0
6085511500,85511500,Santa Clara,1,0
6085511608,85511608,Santa Clara,0,1
6085511609,85511609,Santa Clara,1,0
6085511701,85511701,Santa Clara,1,0
6085511702,85511702,Santa Clara,1,0
6085511704,85511704,Santa Clara,1,0
6085511705,85511705,Santa Clara,1,0
6085511707,85511707,Santa Clara,1,0
6085511800,85511800,Santa Clara,1,0
6085511905,85511905,Santa Clara,1,0
6085511907,85511907,Santa Clara,1,0
6085511909,85511909,Santa Clara,1,0
6085511910,85511910,Santa Clara,1,0
6085511911,85511911,Santa Clara,1,0
6085511912,85511912,Santa Clara,1,0
6085511913,85511913,Santa Clara,1,0
6085511914,85511914,Santa Clara,1,0
6085511915,85511915,Santa Clara,0,1
6085511916,85511916,Santa Clara,1,0
6085512001,85512001,Santa Clara,0,0
6085512005,85512005,Santa Clara,0,0
6085512017,85512017,Santa Clara,0,0
6085512019,85512019,Santa Clara,0,0
6085512020,85512020,Santa Clara,0,0
6085512021,85512021,Santa Clara,0,0
6085512022,85512022,Santa Clara,0,0
6085512023,85512023,Santa Clara,0,1
6085512024,85512024,Santa Clara,0,0
6085512025,85512025,Santa Clara,0,0
6085512026,85512026,Santa Clara,0,0
6085512027,85512027,Santa Clara,0,0
6085512029,85512029,Santa Clara,0,0
6085512030,85512030,Santa Clara,0,0
6085512031,85512031,Santa Clara,0,0
6085512032,85512032,Santa Clara,0,0
6085512033,85512033,Santa Clara,0,0
6085512034,85512034,Santa Clara,0,0
6085512035,85512035,Santa Clara,0,0
6085512036,85512036,Santa Clara,0,0
6085512037,85512037,Santa Clara,0,0
6085512038,85512038,Santa Clara,0,0
6085512039,85512039,Santa Clara,0,0
6085512042,85512042,Santa Clara,0,0
6085512043,85512043,Santa Clara,0,1
6085512045,85512045,Santa Clara,0,0
6085512047,85512047,Santa Clara,1,0
6085512052,85512052,Santa Clara,0,0
6085512053,85512053,Santa Clara,0,0
6085512100,85512100,Santa Clara,0,0
6085512200,85512200,Santa Clara,1,0
6085512305,85512305,Santa Clara,0,0
6085512307,85512307,Santa Clara,0,0
6085512308,85512308,Santa Clara,0,0
6085512309,85512309,Santa Clara,0,0
6085512310,85512310,Santa Clara,0,0
6085512311,85512311,Santa Clara,0,0
6085512312,85512312,Santa Clara,0,0
6085512313,85512313,Santa Clara,0,0
6085512314,85512314,Santa Clara,0,0
6085512401,85512401,Santa Clara,0,0
6085512402,85512402,Santa Clara,0,0
6085512503,85512503,Santa Clara,1,0
6085512505,85512505,Santa Clara,0,1
6085512506,85512506,Santa Clara,0,1
6085512508,85512508,Santa Clara,0,1
6085512509,85512509,Santa Clara,0,0
6085512510,85512510,Santa Clara,0,0
6085512602,85512602,Santa Clara,0,0
6085512603,85512603,Santa Clara,0,1
6085512604,85512604,Santa Clara,0,1
6085513000,85513000,Santa Clara,1,0
6085513500,85513500,Santa Clara,1,0
6095250103,95250103,Solano,0,0
6095250104,95250104,Solano,0,0
6095250105,95250105,Solano,0,0
6095250106,95250106,Solano,0,0
6095250200,95250200,Solano,0,0
6095250300,95250300,Solano,0,1
6095250400,95250400,Solano,0,0
6095250501,95250501,Solano,0,0
6095250502,95250502,Solano,0,1
6095250601,95250601,Solano,0,1
6095250604,95250604,Solano,0,0
6095250605,95250605,Solano,0,0
6095250701,95250701,Solano,0,1
6095250801,95250801,Solano,0,0
6095250900,95250900,Solano,0,1
6095251000,95251000,Solano,0,1
6095251100,95251100,Solano,0,1
6095251200,95251200,Solano,0,1
6095251300,95251300,Solano,0,0
6095251400,95251400,Solano,0,0
6095251500,95251500,Solano,0,1
6095251600,95251600,Solano,0,1
6095251701,95251701,Solano,0,1
6095251702,95251702,Solano,0,0
6095251802,95251802,Solano,0,1
6095251803,95251803,Solano,0,1
6095251804,95251804,Solano,0,0
6095251901,95251901,Solano,0,1
6095251902,95251902,Solano,0,1
6095251903,95251903,Solano,0,1
6095252000,95252000,Solano,1,0
6095252102,95252102,Solano,0,0
6095252103,95252103,Solano,0,0
6095252104,95252104,Solano,0,0
6095252105,95252105,Solano,1,0
6095252106,95252106,Solano,1,0
6095252107,95252107,Solano,0,0
6095252108,95252108,Solano,1,0
6095252201,95252201,Solano,0,0
6095252202,95252202,Solano,0,0
6095252305,95252305,Solano,0,0
6095252306,95252306,Solano,0,0
6095252310,95252310,Solano,0,0
6095252311,95252311,Solano,0,0
6095252312,95252312,Solano,0,0
6095252313,95252313,Solano,0,0
6095252314,95252314,Solano,0,0
6095252315,95252315,Solano,0,0
6095252316,95252316,Solano,0,0
6095252317,95252317,Solano,0,0
6095252401,95252401,Solano,0,1
6095252402,95252402,Solano,0,1
6095252501,95252501,Solano,0,1
6095252502,95252502,Solano,0,1
6095252604,95252604,Solano,0,1
6095252605,95252605,Solano,0,1
6095252606,95252606,Solano,0,1
6095252607,95252607,Solano,0,1
6095252608,95252608,Solano,0,1
6095252610,95252610,Solano,0,0
6095252611,95252611,Solano,0,1
6095252702,95252702,Solano,0,0
6095252703,95252703,Solano,0,1
6095252704,95252704,Solano,0,0
6095252705,95252705,Solano,0,0
6095252706,95252706,Solano,0,0
6095252707,95252707,Solano,0,0
6095252801,95252801,Solano,0,0
6095252802,95252802,Solano,0,0
6095252903,95252903,Solano,1,0
6095252904,95252904,Solano,0,0
6095252908,95252908,Solano,0,0
6095252909,95252909,Solano,0,0
6095252910,95252910,Solano,0,0
6095252911,95252911,Solano,0,0
6095252912,95252912,Solano,0,0
6095252913,95252913,Solano,0,0
6095252914,95252914,Solano,0,0
6095252915,95252915,Solano,0,0
6095253000,95253000,Solano,0,0
6095253101,95253101,Solano,0,0
6095253105,95253105,Solano,0,0
6095253106,95253106,Solano,0,0
6095253107,95253107,Solano,0,0
6095253108,95253108,Solano,0,0
6095253201,95253201,Solano,0,0
6095253203,95253203,Solano,0,0
6095253204,95253204,Solano,0,0
6095253205,95253205,Solano,0,0
6095253206,95253206,Solano,0,0
6095253300,95253300,Solano,0,0
6095253402,95253402,Solano,0,1
6095253403,95253403,Solano,1,0
6095253404,95253404,Solano,0,0
6095253500,95253500,Solano,1,0
6095980000,95980000,Solano,0,0
6097150100,97150100,Sonoma,0,0
6097150202,97150202,Sonoma,0,0
6097150203,97150203,Sonoma,0,0
6097150204,97150204,Sonoma,0,0
6097150303,97150303,Sonoma,0,0
6097150304,97150304,Sonoma,0,0
6097150305,97150305,Sonoma,0,1
6097150306,97150306,Sonoma,0,0
6097150500,97150500,Sonoma,0,0
6097150601,97150601,Sonoma,0,0
6097150602,97150602,Sonoma,0,0
6097150603,97150603,Sonoma,0,0
6097150607,97150607,Sonoma,1,0
6097150609,97150609,Sonoma,0,0
6097150610,97150610,Sonoma,1,0
6097150611,97150611,Sonoma,0,0
6097150612,97150612,Sonoma,0,0
6097150701,97150701,Sonoma,0,0
6097150702,97150702,Sonoma,0,0
6097150800,97150800,Sonoma,0,0
6097150901,97150901,Sonoma,0,0
6097150902,97150902,Sonoma,0,0
6097151000,97151000,Sonoma,0,0
6097151100,97151100,Sonoma,1,0
6097151201,97151201,Sonoma,0,0
6097151203,97151203,Sonoma,0,0
6097151204,97151204,Sonoma,0,0
6097151301,97151301,Sonoma,0,0
6097151305,97151305,Sonoma,0,1
6097151306,97151306,Sonoma,0,0
6097151307,97151307,Sonoma,0,0
6097151308,97151308,Sonoma,0,1
6097151309,97151309,Sonoma,0,0
6097151310,97151310,Sonoma,0,0
6097151311,97151311,Sonoma,0,0
6097151401,97151401,Sonoma,0,0
6097151402,97151402,Sonoma,0,1
6097151502,97151502,Sonoma,0,0
6097151503,97151503,Sonoma,1,0
6097151504,97151504,Sonoma,1,0
6097151601,97151601,Sonoma,1,0
6097151602,97151602,Sonoma,1,0
6097151700,97151700,Sonoma,0,0
6097151800,97151800,Sonoma,0,0
6097151900,97151900,Sonoma,0,1
6097152000,97152000,Sonoma,0,1
6097152100,97152100,Sonoma,0,0
6097152201,97152201,Sonoma,0,0
6097152202,97152202,Sonoma,0,0
6097152203,97152203,Sonoma,0,1
6097152300,97152300,Sonoma,0,0
6097152400,97152400,Sonoma,0,0
6097152501,97152501,Sonoma,0,0
6097152502,97152502,Sonoma,0,0
6097152600,97152600,Sonoma,0,0
6097152701,97152701,Sonoma,0,0
6097152702,97152702,Sonoma,0,0
6097152801,97152801,Sonoma,0,0
6097152802,97152802,Sonoma,0,1
6097152903,97152903,Sonoma,0,1
6097152904,97152904,Sonoma,0,0
6097152905,97152905,Sonoma,0,0
6097152906,97152906,Sonoma,0,0
6097153001,97153001,Sonoma,0,1
6097153002,97153002,Sonoma,0,0
6097153003,97153003,Sonoma,0,0
6097153005,97153005,Sonoma,0,0
6097153006,97153006,Sonoma,0,0
6097153102,97153102,Sonoma,0,1
6097153103,97153103,Sonoma,0,0
6097153104,97153104,Sonoma,0,1
6097153200,97153200,Sonoma,0,1
6097153300,97153300,Sonoma,0,1
6097153401,97153401,Sonoma,1,0
6097153403,97153403,Sonoma,1,0
6097153404,97153404,Sonoma,1,0
6097153501,97153501,Sonoma,1,0
6097153502,97153502,Sonoma,1,0
6097153600,97153600,Sonoma,1,0
6097153703,97153703,Sonoma,0,1
6097153704,97153704,Sonoma,0,0
6097153705,97153705,Sonoma,0,0
6097153706,97153706,Sonoma,1,0
6097153801,97153801,Sonoma,0,0
6097153804,97153804,Sonoma,1,0
6097153806,97153806,Sonoma,0,0
6097153807,97153807,Sonoma,1,0
6097153808,97153808,Sonoma,0,0
6097153809,97153809,Sonoma,0,0
6097153901,97153901,Sonoma,0,0
6097153902,97153902,Sonoma,0,0
6097153903,97153903,Sonoma,1,0
6097154000,97154000,Sonoma,0,0
6097154100,97154100,Sonoma,1,0
6097154201,97154201,Sonoma,0,0
6097154202,97154202,Sonoma,0,0
6097154302,97154302,Sonoma,1,0
6097154303,97154303,Sonoma,1,0
6097154304,97154304,Sonoma,1,0
6097990100,97990100,Sonoma,0,0
